{
  "n_trades": 311,
  "n_long": 167,
  "n_short": 144,
  "win_rate": 0.40514469453376206,
  "avg_net": -32.80525455889823,
  "avg_win": 632.0820927232239,
  "avg_loss": -485.64744784293816,
  "expectancy_per_trade": -32.80525455889823,
  "total_net_pnl": -10202.434167817348,
  "total_gross": 15331.131300000783,
  "total_cost": 25533.56546781813,
  "cost_pct_of_gross": 0.1539597950314072,
  "trading_days": 54,
  "avg_trades_per_day": 5.7592592592592595,
  "sharpe_daily_annualized": -1.913114063753328,
  "max_drawdown_rs": -24068.546507545092,
  "exit_reason_counts": {
    "SL": 142,
    "TIME": 100,
    "TGT": 69
  },
  "per_symbol_net": {
    "CIPLA": -3345.449259770474,
    "NTPC": -2825.6763514215218,
    "TECHM": -2561.630622703026,
    "BHARTIARTL": -2073.386231303346,
    "ASIANPAINT": -2068.3755024879106,
    "RELIANCE": -2052.6075152939884,
    "HCLTECH": -2034.9644079672482,
    "PNB": -1860.6489119596306,
    "BAJAJFINSV": -1810.2031022429207,
    "HINDUNILVR": -1773.3314038553567,
    "DIVISLAB": -1217.5920134900016,
    "EICHERMOT": -1184.5537601798321,
    "INDUSINDBK": -1019.5645936584503,
    "M&M": -984.977848440404,
    "INFY": -896.0678700551458,
    "COALINDIA": -892.3817485769501,
    "MARUTI": -775.0423507014007,
    "POWERGRID": -713.9500299019704,
    "ONGC": -559.3593652347544,
    "DRREDDY": -551.3663523676921,
    "ADANIPORTS": -521.0532624153607,
    "BAJFINANCE": -493.5159335270173,
    "TRENT": -399.24376223750846,
    "HINDALCO": -389.03978709853527,
    "JSWSTEEL": -186.01679068764113,
    "HDFCBANK": -163.53359542336244,
    "TITAN": -110.31508488014703,
    "ITC": 183.22272773220334,
    "ULTRACEMCO": 329.2430306048175,
    "DLF": 481.03239710999867,
    "ICICIBANK": 662.2684503471472,
    "WIPRO": 916.5085873570215,
    "KOTAKBANK": 955.2150268612004,
    "TCS": 1177.979363656459,
    "ADANIENT": 1295.7231162247253,
    "TATASTEEL": 1413.3439482314275,
    "BAJAJ-AUTO": 1653.347034170958,
    "SBIN": 1740.4697083944932,
    "LT": 1842.1576552615875,
    "SUNPHARMA": 1890.8500196015934,
    "NESTLEIND": 2300.4265493403004,
    "GRASIM": 3040.1116868075846,
    "AXISBANK": 3379.513988362731
  },
  "params": {
    "price_pct": 0.002,
    "oi_pct": 0.003,
    "vol_z": 2.5,
    "sl_pct": 0.005,
    "tgt_pct": 0.01,
    "entry_start": "09:45",
    "entry_end": "14:30",
    "square_off": "15:15",
    "notional": 100000.0,
    "vol_lookback": 20,
    "max_open_per_symbol": 1,
    "use_oi_flip_exit": false,
    "require_trend_align": true,
    "avoid_lunch": true,
    "cool_off_bars": 12
  },
  "tag": "v2_high_z"
}