{
  "n_trades": 164,
  "n_ce": 93,
  "n_pe": 71,
  "win_rate": 0.47560975609756095,
  "avg_net": 284.38607301423457,
  "avg_win": 2937.5892988654837,
  "avg_loss": -2122.0075504322467,
  "avg_premium_entry": 80.21743902439025,
  "total_net_pnl": 46639.31597433447,
  "total_gross": 60366.54999999997,
  "total_cost": 13727.2340256655,
  "trading_days": 43,
  "avg_trades_per_day": 3.813953488372093,
  "sharpe_daily_annualized": 2.0001993014052384,
  "max_drawdown_rs": -52964.36105384801,
  "exit_reason_counts": {
    "TIME": 120,
    "OI_FLIP": 33,
    "SL": 10,
    "TGT": 1
  },
  "per_symbol_net": {
    "HINDUNILVR": -9768.62358856,
    "INDUSINDBK": -8409.629748554002,
    "CIPLA": -7787.324410294999,
    "MARUTI": -6724.943427736502,
    "DIVISLAB": -6687.299148809999,
    "PNB": -6434.260728800004,
    "BAJAJFINSV": -6294.586485615001,
    "ASIANPAINT": -4735.464212200004,
    "BAJAJ-AUTO": -4113.126983477501,
    "ADANIPORTS": -3957.807471985,
    "JSWSTEEL": -3395.2884736000037,
    "EICHERMOT": -2444.0196159200004,
    "NTPC": -1555.4143526499965,
    "DRREDDY": -1405.8080850624983,
    "ITC": -582.9781683099997,
    "POWERGRID": 296.03047039999865,
    "TATASTEEL": 375.340561981493,
    "TCS": 457.07303137750046,
    "BHARTIARTL": 814.4438757750017,
    "DLF": 1020.662468235,
    "BAJFINANCE": 1036.4254553224991,
    "ULTRACEMCO": 1851.7937418599997,
    "NESTLEIND": 2104.3521663999973,
    "LT": 2315.750213549998,
    "SBIN": 3460.4800131499983,
    "RELIANCE": 3740.1983032499975,
    "TITAN": 4804.477214814998,
    "ONGC": 4861.536319870008,
    "HINDALCO": 5255.144111389999,
    "INFY": 5440.625892000002,
    "AXISBANK": 5745.136097499994,
    "WIPRO": 5970.135722860003,
    "ICICIBANK": 6369.23052211,
    "HCLTECH": 6762.198663355002,
    "TRENT": 7844.193959575005,
    "COALINDIA": 7961.024658488994,
    "GRASIM": 9115.461187869998,
    "ADANIENT": 10577.1251101145,
    "KOTAKBANK": 10713.387373399997,
    "TECHM": 12043.663741260001
  },
  "avg_bars_held": 32.146341463414636,
  "params": {
    "price_pct": 0.0025,
    "oi_pct": 0.003,
    "vol_z": 2.0,
    "sl_pct": 0.005,
    "tgt_pct": 0.01,
    "entry_start": "09:45",
    "entry_end": "14:30",
    "square_off": "15:15",
    "notional": 100000.0,
    "vol_lookback": 20,
    "max_open_per_symbol": 1,
    "use_oi_flip_exit": true,
    "require_trend_align": true,
    "avoid_lunch": true,
    "cool_off_bars": 0,
    "invert": false,
    "multi_bar_confirm": 1,
    "min_price": 0.0,
    "use_atr_stops": false,
    "atr_sl_mult": 1.0,
    "atr_tgt_mult": 2.0,
    "atr_window": 14,
    "trade_segment": "OPT",
    "fut_lots": 1,
    "daily_loss_stop": 0.0,
    "daily_profit_stop": 0.0,
    "max_trades_per_day_per_symbol": 999,
    "min_dte": 14,
    "use_premium_stops": true,
    "premium_sl_pct": 0.3,
    "premium_tgt_pct": 0.6,
    "fetch_only": false
  },
  "tag": "opt_v2_prem30_60"
}