{
  "n_trades": 367,
  "n_long": 200,
  "n_short": 167,
  "win_rate": 0.4359673024523161,
  "avg_net": 284.26095319108566,
  "avg_win": 3755.8777707481786,
  "avg_loss": -2399.1143647274403,
  "expectancy_per_trade": 284.26095319108566,
  "total_net_pnl": 104323.76982112843,
  "total_gross": 167083.35079999833,
  "total_cost": 62759.58097886988,
  "cost_pct_of_gross": 0.0575511643059105,
  "trading_days": 53,
  "avg_trades_per_day": 6.9245283018867925,
  "sharpe_daily_annualized": 2.929294061436501,
  "max_drawdown_rs": -43438.05954197326,
  "exit_reason_counts": {
    "SL": 163,
    "TGT": 94,
    "TIME": 75,
    "OI_FLIP": 35
  },
  "per_symbol_net": {
    "ADANIENT": -17228.01213808674,
    "PNB": -12294.002515187785,
    "DIVISLAB": -11080.435087750946,
    "ASIANPAINT": -10813.481318292646,
    "BAJAJFINSV": -8921.222698747288,
    "BHARTIARTL": -7808.259978967788,
    "TRENT": -7062.795709107795,
    "NTPC": -6761.697930815919,
    "ADANIPORTS": -5826.024466087,
    "BAJFINANCE": -4307.50295628652,
    "CIPLA": -4246.439206261039,
    "EICHERMOT": -3800.56179384407,
    "ITC": -3722.553380174203,
    "LT": -3700.801513278027,
    "M&M": -2476.3222464185906,
    "POWERGRID": -2199.124137132801,
    "JSWSTEEL": -1519.7424830452087,
    "HCLTECH": 89.98316753703784,
    "ULTRACEMCO": 172.92654676838768,
    "HINDUNILVR": 1545.651283947087,
    "INFY": 1572.1456406061302,
    "TECHM": 1610.1686704121084,
    "ONGC": 1675.7169303353899,
    "DRREDDY": 2141.976967052917,
    "TATASTEEL": 2839.9418367376547,
    "HDFCBANK": 3622.133148351519,
    "MARUTI": 3873.8106614496483,
    "TCS": 4322.594224232015,
    "INDUSINDBK": 5217.952706471877,
    "TITAN": 5621.444221981137,
    "WIPRO": 5647.980083291243,
    "DLF": 5732.3332272352945,
    "RELIANCE": 7069.055162639196,
    "HINDALCO": 7956.419853399428,
    "SBIN": 11028.16174127166,
    "SUNPHARMA": 11120.44627267368,
    "KOTAKBANK": 12758.545905608786,
    "ICICIBANK": 16005.412265894884,
    "COALINDIA": 16959.382955924637,
    "GRASIM": 18974.588558004194,
    "BAJAJ-AUTO": 21048.699136782823,
    "NESTLEIND": 21110.36662303989,
    "AXISBANK": 28374.911588964187
  },
  "params": {
    "price_pct": 0.0025,
    "oi_pct": 0.003,
    "vol_z": 2.0,
    "sl_pct": 0.004,
    "tgt_pct": 0.008,
    "entry_start": "09:45",
    "entry_end": "14:30",
    "square_off": "15:15",
    "notional": 100000.0,
    "vol_lookback": 20,
    "max_open_per_symbol": 1,
    "use_oi_flip_exit": true,
    "require_trend_align": true,
    "avoid_lunch": true,
    "cool_off_bars": 0,
    "invert": false,
    "multi_bar_confirm": 1,
    "min_price": 0.0,
    "use_atr_stops": false,
    "atr_sl_mult": 1.0,
    "atr_tgt_mult": 2.0,
    "atr_window": 14,
    "trade_segment": "FUT",
    "fut_lots": 1
  },
  "tag": "v5_tgt_lower"
}