{
  "n_trades": 94,
  "n_long": 52,
  "n_short": 42,
  "win_rate": 0.2765957446808511,
  "avg_net": -531.5108636803878,
  "avg_win": 4894.268835505287,
  "avg_loss": -2606.073689839617,
  "expectancy_per_trade": -531.5108636803878,
  "total_net_pnl": -49962.02118595646,
  "total_gross": -33466.609873294015,
  "total_cost": 16495.411312662465,
  "cost_pct_of_gross": 0.05550762491971038,
  "trading_days": 38,
  "avg_trades_per_day": 2.473684210526316,
  "sharpe_daily_annualized": -3.4447073095682126,
  "max_drawdown_rs": -49552.38236636758,
  "exit_reason_counts": {
    "SL": 67,
    "TGT": 22,
    "TIME": 5
  },
  "per_symbol_net": {
    "HINDUNILVR": -12508.573629855451,
    "HINDALCO": -10570.885651558787,
    "PNB": -9816.639686684532,
    "ADANIENT": -8273.776410850818,
    "COALINDIA": -8227.788107610977,
    "ASIANPAINT": -8137.238527638572,
    "DLF": -8090.647876729543,
    "BAJAJ-AUTO": -6669.801652622196,
    "AXISBANK": -6106.742650258044,
    "SUNPHARMA": -5215.785357203214,
    "TITAN": -5169.223352336778,
    "CIPLA": -4377.049596932028,
    "NTPC": -4277.350508252017,
    "BHARTIARTL": -3839.3537964499155,
    "INFY": -3002.7702718210194,
    "ONGC": -2288.259311466012,
    "POWERGRID": -2279.1802897056577,
    "DIVISLAB": -1982.3499905330889,
    "ADANIPORTS": -1648.5101281206953,
    "ITC": -1637.7589947266351,
    "M&M": -1505.780189389229,
    "TECHM": -1108.09889751012,
    "TCS": -971.4603402800278,
    "TATASTEEL": -816.2973030992221,
    "ICICIBANK": -622.8338335287735,
    "DRREDDY": 794.6110177728497,
    "KOTAKBANK": 1107.7046677999544,
    "HDFCBANK": 1687.913941439975,
    "INDUSINDBK": 1973.1533786098917,
    "GRASIM": 2071.822902693362,
    "HCLTECH": 2655.491864602578,
    "LT": 4441.2192906649225,
    "BAJFINANCE": 5687.029365775657,
    "NESTLEIND": 13176.537756374075,
    "SBIN": 15915.126838639486,
    "TRENT": 19671.524144834126
  },
  "params": {
    "price_pct": 0.003,
    "oi_pct": 0.004,
    "vol_z": 2.0,
    "sl_pct": 0.005,
    "tgt_pct": 0.01,
    "entry_start": "09:45",
    "entry_end": "14:30",
    "square_off": "15:15",
    "notional": 100000.0,
    "vol_lookback": 20,
    "max_open_per_symbol": 1,
    "use_oi_flip_exit": false,
    "require_trend_align": true,
    "avoid_lunch": true,
    "cool_off_bars": 6,
    "invert": false,
    "multi_bar_confirm": 2,
    "min_price": 0.0,
    "use_atr_stops": true,
    "atr_sl_mult": 1.0,
    "atr_tgt_mult": 2.5,
    "atr_window": 14,
    "trade_segment": "FUT",
    "fut_lots": 1
  },
  "tag": "v4_fut_atr"
}