{
  "n_trades": 176,
  "n_ce": 102,
  "n_pe": 74,
  "win_rate": 0.4147727272727273,
  "avg_net": 1150.9812060813263,
  "avg_win": 6564.671926593242,
  "avg_loss": -2685.9063919513906,
  "avg_premium_entry": 80.16085227272728,
  "total_net_pnl": 202572.69227031342,
  "total_gross": 230356.2,
  "total_cost": 27783.5077296866,
  "trading_days": 43,
  "avg_trades_per_day": 4.093023255813954,
  "sharpe_daily_annualized": 5.874587809560271,
  "max_drawdown_rs": -61193.932420360856,
  "exit_reason_counts": {
    "SL": 116,
    "TGT": 34,
    "TIME": 15,
    "OI_FLIP": 11
  },
  "per_symbol_net": {
    "PNB": -15568.675020639988,
    "ASIANPAINT": -14222.880776400005,
    "DIVISLAB": -10988.847834169992,
    "JSWSTEEL": -10091.46542080001,
    "BHARTIARTL": -8590.4417518725,
    "DLF": -8522.462931374994,
    "MARUTI": -7795.465976495004,
    "ADANIENT": -5856.963265154094,
    "EICHERMOT": -5385.589671869998,
    "BAJFINANCE": -3492.111189624995,
    "NTPC": -2160.6416295499903,
    "TECHM": -1885.95304266,
    "ITC": -1654.534504929999,
    "BAJAJFINSV": -1359.5043022250045,
    "TITAN": -769.527558357504,
    "ICICIBANK": -202.71548572,
    "POWERGRID": 2121.3063424400016,
    "TCS": 3694.5496338950015,
    "NESTLEIND": 4032.4191711,
    "TATASTEEL": 4074.193177004984,
    "ULTRACEMCO": 5744.18122558,
    "WIPRO": 6051.743948620008,
    "DRREDDY": 6181.745375687501,
    "GRASIM": 7215.200212624993,
    "BAJAJ-AUTO": 8154.785433642495,
    "ONGC": 8178.766151200006,
    "LT": 8845.767950134996,
    "INDUSINDBK": 8923.557053650004,
    "HCLTECH": 8989.848032230006,
    "CIPLA": 10236.057065945,
    "HINDUNILVR": 11785.586190570002,
    "HINDALCO": 12626.4558885,
    "RELIANCE": 14819.842412599995,
    "TRENT": 17677.239748325006,
    "INFY": 18956.469224720022,
    "KOTAKBANK": 20641.124668000004,
    "SBIN": 20648.74865284999,
    "ADANIPORTS": 30213.274440709996,
    "COALINDIA": 30582.498767064993,
    "AXISBANK": 30725.11186506249
  },
  "avg_bars_held": 10.215909090909092,
  "params": {
    "price_pct": 0.0025,
    "oi_pct": 0.003,
    "vol_z": 2.0,
    "sl_pct": 0.004,
    "tgt_pct": 0.008,
    "entry_start": "09:45",
    "entry_end": "14:30",
    "square_off": "15:15",
    "notional": 100000.0,
    "vol_lookback": 20,
    "max_open_per_symbol": 1,
    "use_oi_flip_exit": true,
    "require_trend_align": true,
    "avoid_lunch": true,
    "cool_off_bars": 0,
    "invert": false,
    "multi_bar_confirm": 1,
    "min_price": 0.0,
    "use_atr_stops": false,
    "atr_sl_mult": 1.0,
    "atr_tgt_mult": 2.0,
    "atr_window": 14,
    "trade_segment": "OPT",
    "fut_lots": 3,
    "daily_loss_stop": 0.0,
    "daily_profit_stop": 0.0,
    "max_trades_per_day_per_symbol": 999,
    "min_dte": 14,
    "use_premium_stops": false,
    "premium_sl_pct": 0.3,
    "premium_tgt_pct": 0.6,
    "fetch_only": false,
    "min_bars_before_stops": 0,
    "skip_entry_bar_sl_only": false,
    "breakeven_trigger_pct": 0.005,
    "trail_stop_pct": 0.0
  },
  "tag": "opt_v4d_be05"
}