{
  "n_trades": 1205,
  "n_long": 614,
  "n_short": 591,
  "win_rate": 0.3925311203319502,
  "avg_net": -56.07020346568513,
  "avg_win": 629.705988113057,
  "avg_loss": -499.2015403738068,
  "expectancy_per_trade": -56.07020346568513,
  "total_net_pnl": -67564.59517615059,
  "total_gross": 31311.344800003375,
  "total_cost": 98875.93997615397,
  "cost_pct_of_gross": 0.15338736437108086,
  "trading_days": 58,
  "avg_trades_per_day": 20.775862068965516,
  "sharpe_daily_annualized": -4.811266865983259,
  "max_drawdown_rs": -90132.90615164294,
  "exit_reason_counts": {
    "SL": 583,
    "TIME": 367,
    "TGT": 255
  },
  "per_symbol_net": {
    "HINDALCO": -8103.72257995426,
    "HINDUNILVR": -6512.697161158018,
    "HCLTECH": -5834.520440361946,
    "INDUSINDBK": -5751.935051340672,
    "BAJAJ-AUTO": -5303.319470357788,
    "ADANIPORTS": -5266.790008376284,
    "ASIANPAINT": -4993.072609984833,
    "TITAN": -4450.108033819515,
    "BAJAJFINSV": -4307.378016571757,
    "EICHERMOT": -3916.292351724708,
    "LT": -3889.1814374392015,
    "BHARTIARTL": -3453.296146775097,
    "BAJFINANCE": -2929.6756751989165,
    "TRENT": -2624.370972006869,
    "COALINDIA": -2535.891411205635,
    "CIPLA": -2494.8905924396213,
    "NTPC": -2445.4963752308977,
    "ADANIENT": -2412.084224490532,
    "DIVISLAB": -2049.6540140152806,
    "PNB": -2013.4006985120418,
    "M&M": -1732.9929844902406,
    "DRREDDY": -1349.627697286197,
    "TECHM": -822.7730341490208,
    "ITC": -805.0601364672225,
    "WIPRO": -792.249162749905,
    "JSWSTEEL": -281.6925246482257,
    "SUNPHARMA": -260.7021878194148,
    "TCS": -178.7368273568818,
    "INFY": -3.102291674445496,
    "TATASTEEL": 52.76666039526924,
    "ULTRACEMCO": 140.84512626010456,
    "ONGC": 327.04958093813696,
    "HDFCBANK": 568.1146042556547,
    "GRASIM": 647.3808376123759,
    "RELIANCE": 1070.607777584798,
    "POWERGRID": 1171.4174982909663,
    "DLF": 1214.1435411193547,
    "KOTAKBANK": 1513.1688883150007,
    "AXISBANK": 1807.6568948608137,
    "MARUTI": 1828.1919164527621,
    "ICICIBANK": 2016.802257779701,
    "SBIN": 2537.5143003768,
    "NESTLEIND": 5054.459057213106
  },
  "params": {
    "price_pct": 0.0015,
    "oi_pct": 0.002,
    "vol_z": 1.5,
    "sl_pct": 0.005,
    "tgt_pct": 0.01,
    "entry_start": "09:45",
    "entry_end": "14:30",
    "square_off": "15:15",
    "notional": 100000.0,
    "vol_lookback": 20,
    "max_open_per_symbol": 1,
    "use_oi_flip_exit": false,
    "require_trend_align": false,
    "avoid_lunch": false,
    "cool_off_bars": 0
  },
  "tag": "v1"
}