{
  "n_trades": 171,
  "n_ce": 98,
  "n_pe": 73,
  "win_rate": 0.4269005847953216,
  "avg_net": 905.7940419787525,
  "avg_win": 6470.837178546315,
  "avg_loss": -3239.5952332195343,
  "avg_premium_entry": 79.86643274853802,
  "total_net_pnl": 154890.78117836668,
  "total_gross": 181749.75,
  "total_cost": 26858.9688216333,
  "trading_days": 43,
  "avg_trades_per_day": 3.9767441860465116,
  "sharpe_daily_annualized": 4.597319039595073,
  "max_drawdown_rs": -75725.44674941001,
  "exit_reason_counts": {
    "SL": 88,
    "TGT": 48,
    "TIME": 23,
    "OI_FLIP": 12
  },
  "per_symbol_net": {
    "HINDUNILVR": -29445.373091029996,
    "PNB": -22281.689352159992,
    "DIVISLAB": -15184.481791369992,
    "ASIANPAINT": -13473.660426900005,
    "JSWSTEEL": -10091.46542080001,
    "DLF": -8522.462931374994,
    "BHARTIARTL": -8021.034286252502,
    "MARUTI": -7053.737830490006,
    "EICHERMOT": -5385.589671869998,
    "NTPC": -3958.7704683499924,
    "TITAN": -2998.4580981200033,
    "TECHM": -1885.95304266,
    "ITC": -1654.534504929999,
    "BAJAJFINSV": -1359.5043022250045,
    "ICICIBANK": -202.71548572,
    "BAJAJ-AUTO": 141.87379574000005,
    "POWERGRID": 982.4914111999959,
    "BAJFINANCE": 1115.5939598000077,
    "RELIANCE": 2158.0185060499925,
    "INDUSINDBK": 2210.542722130005,
    "TCS": 3694.5496338950015,
    "TATASTEEL": 5722.477945904986,
    "ULTRACEMCO": 5744.18122558,
    "DRREDDY": 6181.745375687501,
    "CIPLA": 6358.8417572825,
    "GRASIM": 7565.462603999991,
    "LT": 8111.532007624995,
    "HCLTECH": 8989.848032230006,
    "HINDALCO": 9269.948722739997,
    "NESTLEIND": 11524.6226661,
    "WIPRO": 13154.35286188,
    "ONGC": 13236.003510325008,
    "INFY": 16379.151222440025,
    "TRENT": 17273.530516890012,
    "ADANIENT": 17432.889858021685,
    "SBIN": 20423.98254799999,
    "KOTAKBANK": 20641.124668000004,
    "COALINDIA": 27720.97528744999,
    "AXISBANK": 30163.196602937496,
    "ADANIPORTS": 30213.274440709996
  },
  "avg_bars_held": 12.362573099415204,
  "params": {
    "price_pct": 0.0025,
    "oi_pct": 0.003,
    "vol_z": 2.0,
    "sl_pct": 0.004,
    "tgt_pct": 0.008,
    "entry_start": "09:45",
    "entry_end": "14:30",
    "square_off": "15:15",
    "notional": 100000.0,
    "vol_lookback": 20,
    "max_open_per_symbol": 1,
    "use_oi_flip_exit": true,
    "require_trend_align": true,
    "avoid_lunch": true,
    "cool_off_bars": 0,
    "invert": false,
    "multi_bar_confirm": 1,
    "min_price": 0.0,
    "use_atr_stops": false,
    "atr_sl_mult": 1.0,
    "atr_tgt_mult": 2.0,
    "atr_window": 14,
    "trade_segment": "OPT",
    "fut_lots": 3,
    "daily_loss_stop": 0.0,
    "daily_profit_stop": 0.0,
    "max_trades_per_day_per_symbol": 999,
    "min_dte": 14,
    "use_premium_stops": false,
    "premium_sl_pct": 0.3,
    "premium_tgt_pct": 0.6,
    "fetch_only": false,
    "min_bars_before_stops": 1,
    "skip_entry_bar_sl_only": false
  },
  "tag": "opt_v3a_no_entrybar_stops"
}