{
  "n_trades": 363,
  "n_long": 198,
  "n_short": 165,
  "win_rate": 0.4380165289256198,
  "avg_net": 262.46365875589987,
  "avg_win": 4424.283366827217,
  "avg_loss": -2981.3075842996855,
  "expectancy_per_trade": 262.46365875589987,
  "total_net_pnl": 95274.30812839165,
  "total_gross": 157362.1718500042,
  "total_cost": 62087.86372161251,
  "cost_pct_of_gross": 0.047564192543560015,
  "trading_days": 53,
  "avg_trades_per_day": 6.849056603773585,
  "sharpe_daily_annualized": 1.8989413537694717,
  "max_drawdown_rs": -68230.62282747484,
  "exit_reason_counts": {
    "SL": 169,
    "TIME": 142,
    "TGT": 52
  },
  "per_symbol_net": {
    "BAJFINANCE": -17111.478749676684,
    "DIVISLAB": -15604.846891688248,
    "ASIANPAINT": -14815.071943875508,
    "ADANIPORTS": -13957.18463085585,
    "BAJAJFINSV": -13435.716890305059,
    "PNB": -13213.675439864544,
    "TECHM": -7561.834817519046,
    "ADANIENT": -7402.314282984951,
    "ITC": -5494.062878683339,
    "CIPLA": -5490.817105956993,
    "EICHERMOT": -5186.288474779905,
    "JSWSTEEL": -5081.947870762021,
    "M&M": -4326.805202633161,
    "BHARTIARTL": -3366.1439864414506,
    "HCLTECH": -3042.009584104565,
    "NTPC": -2351.7629091321082,
    "ONGC": -2244.862417772832,
    "TRENT": -1521.5488118580934,
    "DRREDDY": -1385.4797813161608,
    "POWERGRID": -1347.4148527322618,
    "COALINDIA": 420.7969920022093,
    "ULTRACEMCO": 460.0884904855981,
    "HINDUNILVR": 678.9653425929346,
    "DLF": 1399.9249844296055,
    "TATASTEEL": 2603.917331318812,
    "TCS": 3140.3746285089396,
    "RELIANCE": 4714.999991026593,
    "HDFCBANK": 4845.406262148167,
    "HINDALCO": 5568.663511295011,
    "WIPRO": 5950.748336636821,
    "MARUTI": 6834.559302104077,
    "LT": 8492.233298912452,
    "INFY": 8513.297161500272,
    "INDUSINDBK": 11181.45182883741,
    "SBIN": 12757.360466401507,
    "KOTAKBANK": 16392.511223610974,
    "GRASIM": 17352.864095242912,
    "SUNPHARMA": 17584.324914933808,
    "BAJAJ-AUTO": 17607.629932097123,
    "ICICIBANK": 18399.738112999283,
    "NESTLEIND": 18995.804038157028,
    "TITAN": 25999.311345415397,
    "AXISBANK": 29320.60406067755
  },
  "params": {
    "price_pct": 0.0025,
    "oi_pct": 0.003,
    "vol_z": 2.0,
    "sl_pct": 0.005,
    "tgt_pct": 0.012,
    "entry_start": "09:45",
    "entry_end": "14:30",
    "square_off": "15:15",
    "notional": 100000.0,
    "vol_lookback": 20,
    "max_open_per_symbol": 1,
    "use_oi_flip_exit": false,
    "require_trend_align": true,
    "avoid_lunch": true,
    "cool_off_bars": 0,
    "invert": false,
    "multi_bar_confirm": 1,
    "min_price": 0.0,
    "use_atr_stops": false,
    "atr_sl_mult": 1.0,
    "atr_tgt_mult": 2.0,
    "atr_window": 14,
    "trade_segment": "FUT",
    "fut_lots": 1
  },
  "tag": "v4_fut_base"
}