{
  "n_trades": 67,
  "n_ce": 41,
  "n_pe": 26,
  "win_rate": 0.373134328358209,
  "avg_net": 310.4399470623181,
  "avg_win": 2907.550830518484,
  "avg_loss": -1235.4593883282566,
  "avg_premium_entry": 66.42358208955224,
  "total_net_pnl": 20799.47645317531,
  "total_gross": 26538.45000000001,
  "total_cost": 5738.9735468247,
  "trading_days": 33,
  "avg_trades_per_day": 2.0303030303030303,
  "sharpe_daily_annualized": 2.7915176438427314,
  "max_drawdown_rs": -23483.910137157487,
  "exit_reason_counts": {
    "SL": 39,
    "TGT": 19,
    "TIME": 8,
    "OI_FLIP": 1
  },
  "per_symbol_net": {
    "TITAN": -4494.881325414999,
    "ASIANPAINT": -4380.314025900001,
    "DLF": -2935.2209771249973,
    "NTPC": -2920.6025066999982,
    "BHARTIARTL": -2877.5487658575003,
    "HINDALCO": -2578.4313178999982,
    "DRREDDY": -2538.9490724375,
    "EICHERMOT": -2299.5808522899993,
    "PNB": -2077.3322942399964,
    "ONGC": -1637.2584989500006,
    "DIVISLAB": -1509.5171244099986,
    "GRASIM": -867.4327895750022,
    "TECHM": -626.20893962,
    "TATASTEEL": -411.55344864500194,
    "INDUSINDBK": -154.133737,
    "CIPLA": -72.048863575,
    "BAJAJ-AUTO": -55.32527230000001,
    "BAJAJFINSV": 528.8255407249997,
    "NESTLEIND": 730.6419603499996,
    "TCS": 1200.0498779650004,
    "TRENT": 2007.500252920002,
    "HCLTECH": 2933.682677410002,
    "ADANIENT": 3192.3474502077984,
    "AXISBANK": 3474.031188875002,
    "RELIANCE": 4234.792450849999,
    "INFY": 4475.637609640004,
    "HINDUNILVR": 5302.3723426100005,
    "COALINDIA": 5326.7306180749965,
    "SBIN": 5894.249399,
    "ADANIPORTS": 6413.6404034875,
    "KOTAKBANK": 7521.314492999999
  },
  "avg_bars_held": 9.08955223880597,
  "params": {
    "price_pct": 0.003,
    "oi_pct": 0.005,
    "vol_z": 2.5,
    "sl_pct": 0.004,
    "tgt_pct": 0.008,
    "entry_start": "09:45",
    "entry_end": "14:30",
    "square_off": "15:15",
    "notional": 100000.0,
    "vol_lookback": 20,
    "max_open_per_symbol": 1,
    "use_oi_flip_exit": true,
    "require_trend_align": true,
    "avoid_lunch": true,
    "cool_off_bars": 0,
    "invert": false,
    "multi_bar_confirm": 1,
    "min_price": 0.0,
    "use_atr_stops": false,
    "atr_sl_mult": 1.0,
    "atr_tgt_mult": 2.0,
    "atr_window": 14,
    "trade_segment": "OPT",
    "fut_lots": 1,
    "daily_loss_stop": 0.0,
    "daily_profit_stop": 0.0,
    "max_trades_per_day_per_symbol": 999,
    "min_dte": 14,
    "use_premium_stops": false,
    "premium_sl_pct": 0.3,
    "premium_tgt_pct": 0.6,
    "fetch_only": false
  },
  "tag": "opt_v2_strict"
}