{
  "n_trades": 180,
  "n_ce": 105,
  "n_pe": 75,
  "win_rate": 0.43333333333333335,
  "avg_net": 751.790045098505,
  "avg_win": 4872.515781001623,
  "avg_loss": -2399.353164709762,
  "avg_premium_entry": 79.51255555555555,
  "total_net_pnl": 135322.2081177309,
  "total_gross": 163557.45,
  "total_cost": 28235.241882269103,
  "trading_days": 43,
  "avg_trades_per_day": 4.186046511627907,
  "sharpe_daily_annualized": 4.180078363855199,
  "max_drawdown_rs": -66338.55445819134,
  "exit_reason_counts": {
    "SL": 147,
    "TGT": 15,
    "TIME": 10,
    "OI_FLIP": 8
  },
  "per_symbol_net": {
    "PNB": -15568.675020639988,
    "ASIANPAINT": -14222.880776400005,
    "DLF": -14076.40347205,
    "BHARTIARTL": -8590.4417518725,
    "DIVISLAB": -8441.498645869991,
    "NTPC": -7555.028145949995,
    "ADANIENT": -5856.963265154094,
    "EICHERMOT": -5385.589671869998,
    "MARUTI": -4528.865252675002,
    "BAJFINANCE": -3492.111189624995,
    "DRREDDY": -3183.5089930625,
    "ITC": -1654.534504929999,
    "BAJAJFINSV": -1359.5043022250045,
    "JSWSTEEL": -482.71443846251145,
    "TECHM": -357.5435296799975,
    "ICICIBANK": -202.71548572,
    "HINDALCO": 1807.3063689800047,
    "POWERGRID": 1836.602609629998,
    "ULTRACEMCO": 2455.103891274993,
    "ONGC": 3121.528792075005,
    "TCS": 3694.5496338950015,
    "NESTLEIND": 4032.4191711,
    "TITAN": 4527.460312607501,
    "TATASTEEL": 4733.507084564985,
    "KOTAKBANK": 4919.7616572000015,
    "HINDUNILVR": 6930.638325809996,
    "WIPRO": 7759.966345480003,
    "BAJAJ-AUTO": 8154.785433642495,
    "HCLTECH": 8989.848032230006,
    "CIPLA": 10236.057065945,
    "ADANIPORTS": 10639.892810022495,
    "INDUSINDBK": 10811.59233439,
    "TRENT": 11369.938224234998,
    "GRASIM": 11560.67823972499,
    "AXISBANK": 14148.611632374987,
    "LT": 15139.218885934995,
    "INFY": 16079.463082640026,
    "RELIANCE": 17517.035670799996,
    "SBIN": 20648.74865284999,
    "COALINDIA": 29166.47230650999
  },
  "avg_bars_held": 7.0777777777777775,
  "params": {
    "price_pct": 0.0025,
    "oi_pct": 0.003,
    "vol_z": 2.0,
    "sl_pct": 0.004,
    "tgt_pct": 0.008,
    "entry_start": "09:45",
    "entry_end": "14:30",
    "square_off": "15:15",
    "notional": 100000.0,
    "vol_lookback": 20,
    "max_open_per_symbol": 1,
    "use_oi_flip_exit": true,
    "require_trend_align": true,
    "avoid_lunch": true,
    "cool_off_bars": 0,
    "invert": false,
    "multi_bar_confirm": 1,
    "min_price": 0.0,
    "use_atr_stops": false,
    "atr_sl_mult": 1.0,
    "atr_tgt_mult": 2.0,
    "atr_window": 14,
    "trade_segment": "OPT",
    "fut_lots": 3,
    "daily_loss_stop": 0.0,
    "daily_profit_stop": 0.0,
    "max_trades_per_day_per_symbol": 999,
    "min_dte": 14,
    "use_premium_stops": false,
    "premium_sl_pct": 0.3,
    "premium_tgt_pct": 0.6,
    "fetch_only": false,
    "min_bars_before_stops": 0,
    "skip_entry_bar_sl_only": false,
    "breakeven_trigger_pct": 0.003,
    "trail_stop_pct": 0.0
  },
  "tag": "opt_v4a_be03"
}