{
  "n_trades": 130,
  "n_long": 51,
  "n_short": 79,
  "win_rate": 0.2923076923076923,
  "avg_net": -146.80007546397277,
  "avg_win": 583.534934433752,
  "avg_loss": -448.46018824781555,
  "expectancy_per_trade": -146.80007546397277,
  "total_net_pnl": -19084.00981031646,
  "total_gross": -8412.054480000003,
  "total_cost": 10671.955330316458,
  "cost_pct_of_gross": 0.1807654160762218,
  "trading_days": 44,
  "avg_trades_per_day": 2.9545454545454546,
  "sharpe_daily_annualized": -6.556707531590384,
  "max_drawdown_rs": -19517.355525186296,
  "exit_reason_counts": {
    "SL": 82,
    "TIME": 27,
    "TGT": 21
  },
  "per_symbol_net": {
    "POWERGRID": -2678.1618656996848,
    "ADANIENT": -1494.4153310817264,
    "TECHM": -1493.3296638829318,
    "DLF": -1444.0913365720976,
    "NESTLEIND": -1437.6938214750267,
    "LT": -1431.743984530514,
    "DRREDDY": -1339.1823355817185,
    "INDUSINDBK": -1232.0314537772915,
    "TRENT": -1006.4831695488419,
    "KOTAKBANK": -963.5048078632267,
    "CIPLA": -962.0254554331477,
    "SBIN": -956.7310687785441,
    "HINDUNILVR": -951.9435564945102,
    "TCS": -950.715908628586,
    "TITAN": -943.4870980934315,
    "NTPC": -749.8418097741587,
    "BAJAJ-AUTO": -590.1319278251008,
    "M&M": -543.1815118268809,
    "JSWSTEEL": -541.9519945974856,
    "COALINDIA": -533.7174810665117,
    "RELIANCE": -479.8139214584154,
    "BAJFINANCE": -478.97150052188556,
    "ICICIBANK": -478.6064777892483,
    "SUNPHARMA": -477.51133421619556,
    "MARUTI": -429.8908701996785,
    "INFY": -411.5285538878026,
    "ADANIPORTS": -349.9372206412621,
    "DIVISLAB": -324.53653395185273,
    "BHARTIARTL": -132.6188664592,
    "EICHERMOT": -121.12105980999999,
    "TATASTEEL": -47.19406634455868,
    "GRASIM": -46.48989155726849,
    "ITC": 3.1264765825999916,
    "PNB": 704.2657957096803,
    "HCLTECH": 717.0748366608119,
    "BAJAJFINSV": 866.945776714116,
    "ONGC": 972.2633890846834,
    "ASIANPAINT": 1803.1631826731027,
    "HINDALCO": 1871.7366116273336
  },
  "params": {
    "price_pct": 0.004,
    "oi_pct": 0.005,
    "vol_z": 2.5,
    "sl_pct": 0.004,
    "tgt_pct": 0.01,
    "entry_start": "09:45",
    "entry_end": "14:30",
    "square_off": "15:15",
    "notional": 100000.0,
    "vol_lookback": 20,
    "max_open_per_symbol": 1,
    "use_oi_flip_exit": false,
    "require_trend_align": false,
    "avoid_lunch": true,
    "cool_off_bars": 12,
    "invert": true,
    "multi_bar_confirm": 1,
    "min_price": 0.0,
    "use_atr_stops": false,
    "atr_sl_mult": 1.0,
    "atr_tgt_mult": 2.0,
    "atr_window": 14
  },
  "tag": "v3d_fade_sel"
}