{
  "n_trades": 280,
  "n_long": 157,
  "n_short": 123,
  "win_rate": 0.45,
  "avg_net": 342.3935144084393,
  "avg_win": 4269.665462377716,
  "avg_loss": -2870.828988475514,
  "expectancy_per_trade": 342.3935144084393,
  "total_net_pnl": 95870.184034363,
  "total_gross": 143676.14685000252,
  "total_cost": 47805.962815639505,
  "cost_pct_of_gross": 0.04896702943510671,
  "trading_days": 48,
  "avg_trades_per_day": 5.833333333333333,
  "sharpe_daily_annualized": 2.3206120169766518,
  "max_drawdown_rs": -52669.1979870286,
  "exit_reason_counts": {
    "SL": 119,
    "TIME": 98,
    "TGT": 40,
    "OI_FLIP": 23
  },
  "per_symbol_net": {
    "DIVISLAB": -14793.454822878213,
    "ASIANPAINT": -14793.056740715496,
    "TECHM": -12352.552913195901,
    "ONGC": -11876.410840486385,
    "BAJAJFINSV": -7916.400164015367,
    "EICHERMOT": -6748.537781279905,
    "TRENT": -6328.601087449294,
    "PNB": -5726.005850639851,
    "BHARTIARTL": -5118.590778260888,
    "COALINDIA": -4585.099460940501,
    "M&M": -4326.805202633161,
    "ITC": -4196.653099057681,
    "TATASTEEL": -3496.9970810380646,
    "NTPC": -3229.0666552937055,
    "ADANIENT": -3226.107787630159,
    "POWERGRID": -3186.3501539222834,
    "HCLTECH": -3042.009584104565,
    "BAJFINANCE": -2717.0813242671366,
    "CIPLA": -2039.809059589416,
    "DRREDDY": -1806.1687975661607,
    "LT": -1013.5143283015495,
    "JSWSTEEL": -464.1979615672353,
    "DLF": 1069.9733604496241,
    "ADANIPORTS": 1371.1128561325177,
    "ULTRACEMCO": 2892.4220028,
    "MARUTI": 4133.970792777616,
    "RELIANCE": 4258.628269964092,
    "HDFCBANK": 4845.406262148167,
    "TCS": 5548.774471789209,
    "HINDALCO": 5568.663511295011,
    "WIPRO": 6427.127729256777,
    "HINDUNILVR": 6555.056909898958,
    "TITAN": 7431.826859364604,
    "ICICIBANK": 11617.107645399283,
    "INFY": 12882.592013200598,
    "INDUSINDBK": 15102.686710439408,
    "KOTAKBANK": 16392.511223610974,
    "SBIN": 16519.581690820683,
    "GRASIM": 17352.864095242912,
    "SUNPHARMA": 17584.324914933808,
    "BAJAJ-AUTO": 18052.040807685575,
    "NESTLEIND": 18698.488581400023,
    "AXISBANK": 24548.494800586093
  },
  "params": {
    "price_pct": 0.0025,
    "oi_pct": 0.005,
    "vol_z": 2.0,
    "sl_pct": 0.005,
    "tgt_pct": 0.012,
    "entry_start": "09:45",
    "entry_end": "14:30",
    "square_off": "15:15",
    "notional": 100000.0,
    "vol_lookback": 20,
    "max_open_per_symbol": 1,
    "use_oi_flip_exit": true,
    "require_trend_align": true,
    "avoid_lunch": true,
    "cool_off_bars": 0,
    "invert": false,
    "multi_bar_confirm": 1,
    "min_price": 0.0,
    "use_atr_stops": false,
    "atr_sl_mult": 1.0,
    "atr_tgt_mult": 2.0,
    "atr_window": 14,
    "trade_segment": "FUT",
    "fut_lots": 1
  },
  "tag": "v5_strong_oi"
}