{
  "n_trades": 367,
  "n_long": 200,
  "n_short": 167,
  "win_rate": 0.3978201634877384,
  "avg_net": -6.348356999128072,
  "avg_win": 732.4430467611933,
  "avg_loss": -494.418696134906,
  "expectancy_per_trade": -6.348356999128072,
  "total_net_pnl": -2329.8470186800023,
  "total_gross": 27797.432070001,
  "total_cost": 30127.279088680996,
  "cost_pct_of_gross": 0.14256839779604735,
  "trading_days": 53,
  "avg_trades_per_day": 6.9245283018867925,
  "sharpe_daily_annualized": -0.36468767357195647,
  "max_drawdown_rs": -14975.100870211561,
  "exit_reason_counts": {
    "SL": 174,
    "TIME": 127,
    "TGT": 66
  },
  "per_symbol_net": {
    "DIVISLAB": -2985.760868611156,
    "CIPLA": -2921.0757232854594,
    "BAJAJFINSV": -2880.5721809094343,
    "ASIANPAINT": -2651.566401570677,
    "NTPC": -2462.3681165013404,
    "BAJAJ-AUTO": -2156.52441688713,
    "M&M": -2128.8286230982035,
    "BHARTIARTL": -2073.386231303346,
    "PNB": -1904.5079911006796,
    "TECHM": -1832.0248545344925,
    "TRENT": -1806.8021967508726,
    "ADANIPORTS": -1189.6989663946968,
    "EICHERMOT": -1033.3900196493028,
    "ITC": -1026.1431952250775,
    "POWERGRID": -801.8274696775293,
    "ONGC": -747.6025829543049,
    "HCLTECH": -623.7177263548003,
    "HINDUNILVR": -579.5535861041934,
    "ADANIENT": -549.396700028595,
    "JSWSTEEL": -467.9437586529018,
    "BAJFINANCE": -160.76431805381765,
    "HINDALCO": 56.48169266234993,
    "INDUSINDBK": 171.61577770494102,
    "DRREDDY": 250.15258428865877,
    "ULTRACEMCO": 418.2921164128175,
    "WIPRO": 612.8401821163808,
    "LT": 716.458158246704,
    "MARUTI": 804.6744479895079,
    "RELIANCE": 849.5042759166669,
    "INFY": 951.275665090163,
    "ICICIBANK": 1058.3250561927396,
    "TATASTEEL": 1164.5151451129054,
    "HDFCBANK": 1180.4239422613612,
    "SBIN": 1287.479795647328,
    "KOTAKBANK": 1448.3633235292555,
    "COALINDIA": 1495.2492785563804,
    "TCS": 1795.8806942732535,
    "DLF": 1991.289999899685,
    "NESTLEIND": 2323.912214306921,
    "SUNPHARMA": 2431.7506857790186,
    "GRASIM": 2722.294280457266,
    "TITAN": 3121.506532148519,
    "AXISBANK": 3801.3230603751886
  },
  "params": {
    "price_pct": 0.0025,
    "oi_pct": 0.003,
    "vol_z": 2.0,
    "sl_pct": 0.005,
    "tgt_pct": 0.012,
    "entry_start": "09:45",
    "entry_end": "14:30",
    "square_off": "15:15",
    "notional": 100000.0,
    "vol_lookback": 20,
    "max_open_per_symbol": 1,
    "use_oi_flip_exit": false,
    "require_trend_align": true,
    "avoid_lunch": true,
    "cool_off_bars": 0
  },
  "tag": "v2_strict"
}