{
  "n_trades": 368,
  "n_long": 200,
  "n_short": 168,
  "win_rate": 0.39945652173913043,
  "avg_net": -17.042436646181194,
  "avg_win": 682.6461582944269,
  "avg_loss": -482.446162692649,
  "expectancy_per_trade": -17.042436646181194,
  "total_net_pnl": -6271.616685794679,
  "total_gross": 23937.877070000977,
  "total_cost": 30209.49375579566,
  "cost_pct_of_gross": 0.14933255465033207,
  "trading_days": 53,
  "avg_trades_per_day": 6.943396226415095,
  "sharpe_daily_annualized": -1.0526822503670095,
  "max_drawdown_rs": -16485.028592594586,
  "exit_reason_counts": {
    "SL": 165,
    "TIME": 109,
    "TGT": 59,
    "OI_FLIP": 35
  },
  "per_symbol_net": {
    "PNB": -2902.0096635493237,
    "DIVISLAB": -2880.790922341156,
    "BAJAJFINSV": -2634.073357359409,
    "NTPC": -2462.3681165013404,
    "TRENT": -2451.105777514272,
    "ASIANPAINT": -2382.005578976869,
    "BAJAJ-AUTO": -2326.2956594128955,
    "M&M": -2128.8286230982035,
    "CIPLA": -2087.966749006991,
    "BHARTIARTL": -1914.2337979100812,
    "TECHM": -1832.0248545344925,
    "LT": -1473.932715435225,
    "ADANIPORTS": -1189.6989663946968,
    "HINDUNILVR": -1064.160439310071,
    "EICHERMOT": -1033.3900196493028,
    "ADANIENT": -1013.4917161374012,
    "POWERGRID": -801.8274696775293,
    "ITC": -698.4300221114545,
    "HCLTECH": -623.7177263548003,
    "ONGC": -526.5401248932263,
    "JSWSTEEL": -467.9437586529018,
    "HINDALCO": -179.2728082516571,
    "BAJFINANCE": -160.76431805381765,
    "INDUSINDBK": -111.9530006773565,
    "ULTRACEMCO": 50.26774524481753,
    "DRREDDY": 250.15258428865877,
    "MARUTI": 804.6744479895079,
    "RELIANCE": 849.5042759166669,
    "TATASTEEL": 874.848079096399,
    "INFY": 931.683267649963,
    "WIPRO": 966.7588523878634,
    "ICICIBANK": 1058.3250561927396,
    "HDFCBANK": 1180.4239422613612,
    "SBIN": 1287.479795647328,
    "KOTAKBANK": 1448.3633235292555,
    "COALINDIA": 1528.258827660089,
    "TCS": 1795.8806942732535,
    "DLF": 2035.0274775121848,
    "NESTLEIND": 2323.912214306921,
    "SUNPHARMA": 2431.7506857790186,
    "GRASIM": 2722.294280457266,
    "TITAN": 2734.280889441311,
    "AXISBANK": 3801.3230603751886
  },
  "params": {
    "price_pct": 0.0025,
    "oi_pct": 0.003,
    "vol_z": 2.0,
    "sl_pct": 0.005,
    "tgt_pct": 0.012,
    "entry_start": "09:45",
    "entry_end": "14:30",
    "square_off": "15:15",
    "notional": 100000.0,
    "vol_lookback": 20,
    "max_open_per_symbol": 1,
    "use_oi_flip_exit": true,
    "require_trend_align": true,
    "avoid_lunch": true,
    "cool_off_bars": 0
  },
  "tag": "v2_strict_oi"
}