{
  "n_trades": 356,
  "n_long": 194,
  "n_short": 162,
  "win_rate": 0.4410112359550562,
  "avg_net": 223.1907308790842,
  "avg_win": 4126.124236732848,
  "avg_loss": -2856.008065196499,
  "expectancy_per_trade": 223.1907308790842,
  "total_net_pnl": 79455.90019295398,
  "total_gross": 140399.18935000378,
  "total_cost": 60943.28915704981,
  "cost_pct_of_gross": 0.05035110179309493,
  "trading_days": 53,
  "avg_trades_per_day": 6.716981132075472,
  "sharpe_daily_annualized": 1.6552907141682154,
  "max_drawdown_rs": -84565.55584088701,
  "exit_reason_counts": {
    "SL": 151,
    "TIME": 121,
    "TGT": 44,
    "OI_FLIP": 40
  },
  "per_symbol_net": {
    "DIVISLAB": -18404.43642848825,
    "BAJFINANCE": -17073.97718990172,
    "ASIANPAINT": -13330.289635965495,
    "BAJAJFINSV": -12010.03259285884,
    "PNB": -11493.837251304518,
    "ADANIPORTS": -11419.866598039343,
    "HINDUNILVR": -8479.106173151244,
    "LT": -7243.279631102501,
    "ADANIENT": -6227.066117660821,
    "EICHERMOT": -5186.288474779905,
    "JSWSTEEL": -5081.947870762021,
    "TRENT": -4380.6996160535,
    "M&M": -4326.805202633161,
    "ITC": -4196.653099057681,
    "CIPLA": -2978.6854233819763,
    "TECHM": -2863.0438921179957,
    "ONGC": -2469.8294341228834,
    "DRREDDY": -1385.4797813161608,
    "POWERGRID": -1347.4148527322618,
    "BHARTIARTL": -907.6669372659098,
    "HCLTECH": -529.2122083455779,
    "ULTRACEMCO": -439.9489441144019,
    "COALINDIA": 1062.2904391241805,
    "DLF": 1069.9733604496241,
    "NTPC": 1341.7549810810501,
    "TCS": 3140.3746285089396,
    "TATASTEEL": 3154.8010321076717,
    "HINDALCO": 4588.688614975026,
    "RELIANCE": 4714.999991026593,
    "HDFCBANK": 4845.406262148167,
    "MARUTI": 6834.559302104077,
    "WIPRO": 7840.471273976807,
    "INDUSINDBK": 9221.370304597362,
    "INFY": 9823.335146923044,
    "NESTLEIND": 11071.218349557006,
    "SBIN": 12757.360466401507,
    "BAJAJ-AUTO": 14715.509642249162,
    "KOTAKBANK": 16392.511223610974,
    "GRASIM": 17352.864095242912,
    "SUNPHARMA": 17584.324914933808,
    "ICICIBANK": 18399.738112999283,
    "TITAN": 25999.311345415397,
    "AXISBANK": 29320.60406067755
  },
  "params": {
    "price_pct": 0.0025,
    "oi_pct": 0.003,
    "vol_z": 2.0,
    "sl_pct": 0.005,
    "tgt_pct": 0.012,
    "entry_start": "09:45",
    "entry_end": "14:30",
    "square_off": "15:15",
    "notional": 100000.0,
    "vol_lookback": 20,
    "max_open_per_symbol": 1,
    "use_oi_flip_exit": true,
    "require_trend_align": true,
    "avoid_lunch": true,
    "cool_off_bars": 6,
    "invert": false,
    "multi_bar_confirm": 1,
    "min_price": 0.0,
    "use_atr_stops": false,
    "atr_sl_mult": 1.0,
    "atr_tgt_mult": 2.0,
    "atr_window": 14,
    "trade_segment": "FUT",
    "fut_lots": 1
  },
  "tag": "v5_cool6"
}