{
  "n_trades": 181,
  "n_ce": 106,
  "n_pe": 75,
  "win_rate": 0.430939226519337,
  "avg_net": 662.2469665292778,
  "avg_win": 4297.584902813731,
  "avg_loss": -2090.727392987104,
  "avg_premium_entry": 79.3246408839779,
  "total_net_pnl": 119866.70094179927,
  "total_gross": 148259.84999999998,
  "total_cost": 28393.149058200703,
  "trading_days": 43,
  "avg_trades_per_day": 4.209302325581396,
  "sharpe_daily_annualized": 4.258849081682409,
  "max_drawdown_rs": -33637.24630890004,
  "exit_reason_counts": {
    "SL": 162,
    "TGT": 7,
    "TIME": 7,
    "OI_FLIP": 5
  },
  "per_symbol_net": {
    "PNB": -15568.675020639988,
    "ASIANPAINT": -12499.673972550007,
    "BHARTIARTL": -8590.4417518725,
    "MARUTI": -4528.865252675002,
    "JSWSTEEL": -4022.7805898500114,
    "ADANIENT": -3588.1742027982045,
    "BAJFINANCE": -3492.111189624995,
    "DRREDDY": -3357.3185443125,
    "EICHERMOT": -3317.7415072499966,
    "NTPC": -3284.4721537999903,
    "DLF": -1961.5104206349947,
    "ITC": -1654.534504929999,
    "DIVISLAB": -1653.5622793999944,
    "TECHM": -357.5435296799975,
    "BAJAJFINSV": -235.67377797500444,
    "ICICIBANK": -202.71548572,
    "POWERGRID": 697.787678390002,
    "ULTRACEMCO": 829.2957328599982,
    "HINDALCO": 1177.9612753999957,
    "INFY": 1334.8066044800212,
    "HCLTECH": 2171.9428517799984,
    "TCS": 3694.5496338950015,
    "NESTLEIND": 4032.4191711,
    "AXISBANK": 4408.747088874995,
    "KOTAKBANK": 4919.7616572000015,
    "TATASTEEL": 6381.791853464987,
    "RELIANCE": 6953.028742850001,
    "TITAN": 7071.063399159998,
    "WIPRO": 7759.966345480003,
    "BAJAJ-AUTO": 8154.785433642495,
    "HINDUNILVR": 8324.188175879994,
    "CIPLA": 8718.885858207497,
    "ADANIPORTS": 10639.892810022495,
    "INDUSINDBK": 10811.59233439,
    "ONGC": 10875.959409400002,
    "TRENT": 11369.938224234998,
    "GRASIM": 11560.67823972499,
    "SBIN": 15141.979084024993,
    "LT": 17446.817562394997,
    "COALINDIA": 23704.655958654977
  },
  "avg_bars_held": 4.751381215469613,
  "params": {
    "price_pct": 0.0025,
    "oi_pct": 0.003,
    "vol_z": 2.0,
    "sl_pct": 0.004,
    "tgt_pct": 0.008,
    "entry_start": "09:45",
    "entry_end": "14:30",
    "square_off": "15:15",
    "notional": 100000.0,
    "vol_lookback": 20,
    "max_open_per_symbol": 1,
    "use_oi_flip_exit": true,
    "require_trend_align": true,
    "avoid_lunch": true,
    "cool_off_bars": 0,
    "invert": false,
    "multi_bar_confirm": 1,
    "min_price": 0.0,
    "use_atr_stops": false,
    "atr_sl_mult": 1.0,
    "atr_tgt_mult": 2.0,
    "atr_window": 14,
    "trade_segment": "OPT",
    "fut_lots": 3,
    "daily_loss_stop": 0.0,
    "daily_profit_stop": 0.0,
    "max_trades_per_day_per_symbol": 999,
    "min_dte": 14,
    "use_premium_stops": false,
    "premium_sl_pct": 0.3,
    "premium_tgt_pct": 0.6,
    "fetch_only": false,
    "min_bars_before_stops": 0,
    "skip_entry_bar_sl_only": false,
    "breakeven_trigger_pct": 0.002,
    "trail_stop_pct": 0.0
  },
  "tag": "opt_v4e_be02"
}