{
  "n_trades": 364,
  "n_long": 198,
  "n_short": 166,
  "win_rate": 0.4423076923076923,
  "avg_net": 231.67666797854392,
  "avg_win": 4127.812806239758,
  "avg_loss": -2858.362338228626,
  "expectancy_per_trade": 231.67666797854392,
  "total_net_pnl": 84330.30714418998,
  "total_gross": 146623.51435000374,
  "total_cost": 62293.207205813764,
  "cost_pct_of_gross": 0.050273180326094825,
  "trading_days": 53,
  "avg_trades_per_day": 6.867924528301887,
  "sharpe_daily_annualized": 1.7947476344742628,
  "max_drawdown_rs": -70814.72008398199,
  "exit_reason_counts": {
    "SL": 154,
    "TIME": 122,
    "TGT": 46,
    "OI_FLIP": 42
  },
  "per_symbol_net": {
    "DIVISLAB": -18404.43642848825,
    "BAJFINANCE": -17073.97718990172,
    "PNB": -14900.106409384563,
    "ASIANPAINT": -13330.289635965495,
    "BAJAJFINSV": -12010.03259285884,
    "ADANIPORTS": -11419.866598039343,
    "LT": -7243.279631102501,
    "ADANIENT": -6227.066117660821,
    "EICHERMOT": -5186.288474779905,
    "JSWSTEEL": -5081.947870762021,
    "TRENT": -4380.6996160535,
    "M&M": -4326.805202633161,
    "ITC": -4196.653099057681,
    "HCLTECH": -3042.009584104565,
    "CIPLA": -2978.6854233819763,
    "TECHM": -2599.062436838023,
    "ONGC": -2469.8294341228834,
    "NTPC": -1615.6072907489565,
    "DRREDDY": -1385.4797813161608,
    "POWERGRID": -1347.4148527322618,
    "BHARTIARTL": -907.6669372659098,
    "HINDUNILVR": -517.5592283672751,
    "ULTRACEMCO": -439.9489441144019,
    "TATASTEEL": 129.28015146879625,
    "COALINDIA": 1062.2904391241805,
    "DLF": 1069.9733604496241,
    "TCS": 3140.3746285089396,
    "HINDALCO": 4588.688614975026,
    "RELIANCE": 4714.999991026593,
    "HDFCBANK": 4845.406262148167,
    "MARUTI": 6834.559302104077,
    "WIPRO": 7840.471273976807,
    "INDUSINDBK": 9221.370304597362,
    "INFY": 10449.57769580299,
    "SBIN": 12757.360466401507,
    "BAJAJ-AUTO": 14715.509642249162,
    "KOTAKBANK": 16392.511223610974,
    "GRASIM": 17352.864095242912,
    "SUNPHARMA": 17584.324914933808,
    "ICICIBANK": 18399.738112999283,
    "NESTLEIND": 18995.804038157028,
    "TITAN": 25999.311345415397,
    "AXISBANK": 29320.60406067755
  },
  "params": {
    "price_pct": 0.0025,
    "oi_pct": 0.003,
    "vol_z": 2.0,
    "sl_pct": 0.005,
    "tgt_pct": 0.012,
    "entry_start": "09:45",
    "entry_end": "14:30",
    "square_off": "15:15",
    "notional": 100000.0,
    "vol_lookback": 20,
    "max_open_per_symbol": 1,
    "use_oi_flip_exit": true,
    "require_trend_align": true,
    "avoid_lunch": true,
    "cool_off_bars": 0,
    "invert": false,
    "multi_bar_confirm": 1,
    "min_price": 0.0,
    "use_atr_stops": false,
    "atr_sl_mult": 1.0,
    "atr_tgt_mult": 2.0,
    "atr_window": 14,
    "trade_segment": "FUT",
    "fut_lots": 1
  },
  "tag": "v5_long_only"
}