{
  "n_trades": 164,
  "n_ce": 93,
  "n_pe": 71,
  "win_rate": 0.47560975609756095,
  "avg_net": 242.21958627103348,
  "avg_win": 2957.9046968038488,
  "avg_loss": -2220.843653514544,
  "avg_premium_entry": 80.21743902439025,
  "total_net_pnl": 39724.01214844949,
  "total_gross": 53444.049999999974,
  "total_cost": 13720.0378515505,
  "trading_days": 43,
  "avg_trades_per_day": 3.813953488372093,
  "sharpe_daily_annualized": 1.6950254887566154,
  "max_drawdown_rs": -44795.98619342425,
  "exit_reason_counts": {
    "TIME": 116,
    "OI_FLIP": 31,
    "SL": 16,
    "TGT": 1
  },
  "per_symbol_net": {
    "PNB": -18221.994227600004,
    "DIVISLAB": -8957.436807795,
    "HINDUNILVR": -8764.66832023,
    "INDUSINDBK": -7381.699429040003,
    "CIPLA": -6893.8791435162475,
    "BAJAJFINSV": -5755.147833974999,
    "MARUTI": -5666.4199439512495,
    "ASIANPAINT": -5191.239924812504,
    "BAJAJ-AUTO": -4113.126983477501,
    "ADANIPORTS": -3957.807471985,
    "JSWSTEEL": -3395.2884736000037,
    "EICHERMOT": -2444.0196159200004,
    "NTPC": -1555.4143526499965,
    "DRREDDY": -1405.8080850624983,
    "ITC": -582.9781683099997,
    "POWERGRID": 296.03047039999865,
    "TCS": 457.07303137750046,
    "BHARTIARTL": 814.4438757750017,
    "DLF": 1020.662468235,
    "TATASTEEL": 1217.3393647612447,
    "ULTRACEMCO": 1851.7937418599997,
    "NESTLEIND": 2104.3521663999973,
    "BAJFINANCE": 2184.6056409312478,
    "LT": 2315.750213549998,
    "SBIN": 2673.7986461749974,
    "RELIANCE": 3740.1983032499975,
    "AXISBANK": 3872.085223749994,
    "TITAN": 4804.477214814998,
    "HINDALCO": 5255.144111389999,
    "INFY": 5440.625892000002,
    "WIPRO": 5970.135722860003,
    "ICICIBANK": 6369.23052211,
    "ONGC": 6446.137359062505,
    "HCLTECH": 6762.198663355002,
    "TRENT": 7844.193959575005,
    "COALINDIA": 8985.958096604994,
    "GRASIM": 10250.5300173625,
    "ADANIENT": 10577.1251101145,
    "KOTAKBANK": 10713.387373399997,
    "TECHM": 12043.663741260001
  },
  "avg_bars_held": 31.371951219512194,
  "params": {
    "price_pct": 0.0025,
    "oi_pct": 0.003,
    "vol_z": 2.0,
    "sl_pct": 0.005,
    "tgt_pct": 0.01,
    "entry_start": "09:45",
    "entry_end": "14:30",
    "square_off": "15:15",
    "notional": 100000.0,
    "vol_lookback": 20,
    "max_open_per_symbol": 1,
    "use_oi_flip_exit": true,
    "require_trend_align": true,
    "avoid_lunch": true,
    "cool_off_bars": 0,
    "invert": false,
    "multi_bar_confirm": 1,
    "min_price": 0.0,
    "use_atr_stops": false,
    "atr_sl_mult": 1.0,
    "atr_tgt_mult": 2.0,
    "atr_window": 14,
    "trade_segment": "OPT",
    "fut_lots": 1,
    "daily_loss_stop": 0.0,
    "daily_profit_stop": 0.0,
    "max_trades_per_day_per_symbol": 999,
    "min_dte": 14,
    "use_premium_stops": true,
    "premium_sl_pct": 0.25,
    "premium_tgt_pct": 0.75,
    "fetch_only": false
  },
  "tag": "opt_v2_prem25_75"
}