{
  "n_trades": 163,
  "n_ce": 93,
  "n_pe": 70,
  "win_rate": 0.4662576687116564,
  "avg_net": 205.09403294769618,
  "avg_win": 3008.9913346549038,
  "avg_loss": -2244.2875179689454,
  "avg_premium_entry": 80.27705521472393,
  "total_net_pnl": 33430.32737047448,
  "total_gross": 47066.54999999996,
  "total_cost": 13636.2226295255,
  "trading_days": 43,
  "avg_trades_per_day": 3.7906976744186047,
  "sharpe_daily_annualized": 1.3430296549329575,
  "max_drawdown_rs": -62492.50094036051,
  "exit_reason_counts": {
    "TIME": 124,
    "OI_FLIP": 34,
    "SL": 5
  },
  "per_symbol_net": {
    "HINDUNILVR": -12371.84370321,
    "PNB": -9231.350033600002,
    "MARUTI": -8841.990395307002,
    "INDUSINDBK": -8465.571534650002,
    "CIPLA": -6996.8969415725005,
    "DIVISLAB": -6687.299148809999,
    "BAJAJFINSV": -6641.725247550001,
    "ASIANPAINT": -4735.464212200004,
    "BAJAJ-AUTO": -4113.126983477501,
    "ADANIPORTS": -3957.807471985,
    "JSWSTEEL": -3395.2884736000037,
    "EICHERMOT": -2444.0196159200004,
    "NTPC": -1555.4143526499965,
    "DRREDDY": -1405.8080850624983,
    "BAJFINANCE": -1259.9349158950035,
    "ITC": -582.9781683099997,
    "POWERGRID": 296.03047039999865,
    "TCS": 457.07303137750046,
    "TATASTEEL": 647.3075488499926,
    "BHARTIARTL": 814.4438757750017,
    "DLF": 1020.662468235,
    "ULTRACEMCO": 1851.7937418599997,
    "NESTLEIND": 2104.3521663999973,
    "LT": 2315.750213549998,
    "SBIN": 3460.4800131499983,
    "RELIANCE": 3740.1983032499975,
    "COALINDIA": 4695.617673446997,
    "TITAN": 4804.477214814998,
    "HINDALCO": 5255.144111389999,
    "INFY": 5440.625892000002,
    "AXISBANK": 5745.136097499994,
    "ONGC": 5940.413623150007,
    "WIPRO": 5970.135722860003,
    "ICICIBANK": 6369.23052211,
    "HCLTECH": 6762.198663355002,
    "GRASIM": 7247.405116449998,
    "TRENT": 7844.193959575005,
    "ADANIENT": 10577.1251101145,
    "KOTAKBANK": 10713.387373399997,
    "TECHM": 12043.663741260001
  },
  "avg_bars_held": 33.31288343558282,
  "params": {
    "price_pct": 0.0025,
    "oi_pct": 0.003,
    "vol_z": 2.0,
    "sl_pct": 0.005,
    "tgt_pct": 0.01,
    "entry_start": "09:45",
    "entry_end": "14:30",
    "square_off": "15:15",
    "notional": 100000.0,
    "vol_lookback": 20,
    "max_open_per_symbol": 1,
    "use_oi_flip_exit": true,
    "require_trend_align": true,
    "avoid_lunch": true,
    "cool_off_bars": 0,
    "invert": false,
    "multi_bar_confirm": 1,
    "min_price": 0.0,
    "use_atr_stops": false,
    "atr_sl_mult": 1.0,
    "atr_tgt_mult": 2.0,
    "atr_window": 14,
    "trade_segment": "OPT",
    "fut_lots": 1,
    "daily_loss_stop": 0.0,
    "daily_profit_stop": 0.0,
    "max_trades_per_day_per_symbol": 999,
    "min_dte": 14,
    "use_premium_stops": true,
    "premium_sl_pct": 0.4,
    "premium_tgt_pct": 0.8,
    "fetch_only": false
  },
  "tag": "opt_v2_prem40_80"
}