{
  "n_trades": 453,
  "n_long": 245,
  "n_short": 208,
  "win_rate": 0.4392935982339956,
  "avg_net": 250.47959128468182,
  "avg_win": 4267.719693541237,
  "avg_loss": -2896.885685680099,
  "expectancy_per_trade": 250.47959128468182,
  "total_net_pnl": 113467.25485196087,
  "total_gross": 192129.01075000525,
  "total_cost": 78661.75589804439,
  "cost_pct_of_gross": 0.049904144396222,
  "trading_days": 57,
  "avg_trades_per_day": 7.947368421052632,
  "sharpe_daily_annualized": 1.9979034476844684,
  "max_drawdown_rs": -87274.7572655323,
  "exit_reason_counts": {
    "SL": 180,
    "TIME": 142,
    "OI_FLIP": 72,
    "TGT": 59
  },
  "per_symbol_net": {
    "PNB": -26704.189001236333,
    "HINDALCO": -19630.734368141217,
    "JSWSTEEL": -16157.708668706005,
    "ASIANPAINT": -15102.829496662871,
    "TECHM": -9569.413940924223,
    "TRENT": -8411.106666689673,
    "BAJFINANCE": -8058.015765748714,
    "BAJAJFINSV": -7626.48401782068,
    "HCLTECH": -6862.7591761204985,
    "DIVISLAB": -6384.406909072617,
    "ONGC": -4820.090187809656,
    "BHARTIARTL": -4286.899556831194,
    "DRREDDY": -4225.409818338064,
    "ITC": -2841.2184284977357,
    "M&M": -1998.8052884953636,
    "EICHERMOT": -1550.4266458475502,
    "ADANIPORTS": 206.77450563613456,
    "RELIANCE": 410.18686161717164,
    "POWERGRID": 801.9743865577598,
    "INDUSINDBK": 1480.9761454056143,
    "HINDUNILVR": 2314.3190184644855,
    "ULTRACEMCO": 2789.145087385598,
    "LT": 2847.364064118134,
    "INFY": 4382.550639314384,
    "HDFCBANK": 4572.453438779854,
    "TCS": 5291.983575188178,
    "NTPC": 5748.457677716873,
    "ADANIENT": 7436.169415594062,
    "BAJAJ-AUTO": 9543.832586006418,
    "MARUTI": 10449.978069776218,
    "DLF": 10704.774408607453,
    "ICICIBANK": 11109.540358796223,
    "NESTLEIND": 11606.24959284197,
    "AXISBANK": 12199.203072001452,
    "KOTAKBANK": 12779.582988667235,
    "CIPLA": 12810.174497451677,
    "GRASIM": 13790.497179708093,
    "TATASTEEL": 15082.250898001705,
    "COALINDIA": 16201.815104873298,
    "SUNPHARMA": 17532.69765059384,
    "TITAN": 32589.359768423066,
    "SBIN": 33015.441797376385
  },
  "params": {
    "price_pct": 0.003,
    "oi_pct": 0.001,
    "vol_z": 2.0,
    "sl_pct": 0.005,
    "tgt_pct": 0.012,
    "entry_start": "09:45",
    "entry_end": "14:30",
    "square_off": "15:15",
    "notional": 100000.0,
    "vol_lookback": 20,
    "max_open_per_symbol": 1,
    "use_oi_flip_exit": true,
    "require_trend_align": true,
    "avoid_lunch": true,
    "cool_off_bars": 0,
    "invert": false,
    "multi_bar_confirm": 1,
    "min_price": 0.0,
    "use_atr_stops": false,
    "atr_sl_mult": 1.0,
    "atr_tgt_mult": 2.0,
    "atr_window": 14,
    "trade_segment": "FUT",
    "fut_lots": 1,
    "daily_loss_stop": 15000,
    "daily_profit_stop": 0.0,
    "max_trades_per_day_per_symbol": 999
  },
  "tag": "v7_relaxed_oi_dls"
}