{
  "n_trades": 181,
  "n_ce": 106,
  "n_pe": 75,
  "win_rate": 0.43646408839779005,
  "avg_net": 810.918775639342,
  "avg_win": 4916.06992625635,
  "avg_loss": -2368.5610370934382,
  "avg_premium_entry": 79.3246408839779,
  "total_net_pnl": 146776.2983907209,
  "total_gross": 175197.45,
  "total_cost": 28421.151609279103,
  "trading_days": 43,
  "avg_trades_per_day": 4.209302325581396,
  "sharpe_daily_annualized": 4.637119096865845,
  "max_drawdown_rs": -56879.908407720766,
  "exit_reason_counts": {
    "SL": 159,
    "TIME": 8,
    "TGT": 7,
    "OI_FLIP": 7
  },
  "per_symbol_net": {
    "PNB": -15568.675020639988,
    "ASIANPAINT": -14222.880776400005,
    "DLF": -14076.40347205,
    "BHARTIARTL": -8590.4417518725,
    "DIVISLAB": -8441.498645869991,
    "ADANIENT": -5856.963265154094,
    "NTPC": -5756.899307149994,
    "EICHERMOT": -5385.589671869998,
    "MARUTI": -4528.865252675002,
    "BAJFINANCE": -3492.111189624995,
    "DRREDDY": -3357.3185443125,
    "ITC": -1654.534504929999,
    "BAJAJFINSV": -1359.5043022250045,
    "JSWSTEEL": -482.71443846251145,
    "NESTLEIND": -387.98089095000023,
    "ICICIBANK": -202.71548572,
    "HINDALCO": 1807.3063689800047,
    "POWERGRID": 1836.602609629998,
    "TECHM": 2968.994822100005,
    "TCS": 3694.5496338950015,
    "TITAN": 4527.460312607501,
    "ONGC": 4807.274578450006,
    "TATASTEEL": 4898.335561454996,
    "KOTAKBANK": 5818.826076599994,
    "HINDUNILVR": 6930.638325809996,
    "ULTRACEMCO": 7227.637517589997,
    "GRASIM": 7739.654457274994,
    "WIPRO": 7759.966345480003,
    "BAJAJ-AUTO": 8154.785433642495,
    "HCLTECH": 8989.848032230006,
    "CIPLA": 10236.057065945,
    "ADANIPORTS": 10639.892810022495,
    "INDUSINDBK": 10811.59233439,
    "AXISBANK": 14148.611632374987,
    "LT": 15139.218885934995,
    "INFY": 15300.273919160029,
    "RELIANCE": 17517.035670799996,
    "TRENT": 19371.611556895004,
    "SBIN": 20648.74865284999,
    "COALINDIA": 29166.47230650999
  },
  "avg_bars_held": 6.320441988950276,
  "params": {
    "price_pct": 0.0025,
    "oi_pct": 0.003,
    "vol_z": 2.0,
    "sl_pct": 0.004,
    "tgt_pct": 0.008,
    "entry_start": "09:45",
    "entry_end": "14:30",
    "square_off": "15:15",
    "notional": 100000.0,
    "vol_lookback": 20,
    "max_open_per_symbol": 1,
    "use_oi_flip_exit": true,
    "require_trend_align": true,
    "avoid_lunch": true,
    "cool_off_bars": 0,
    "invert": false,
    "multi_bar_confirm": 1,
    "min_price": 0.0,
    "use_atr_stops": false,
    "atr_sl_mult": 1.0,
    "atr_tgt_mult": 2.0,
    "atr_window": 14,
    "trade_segment": "OPT",
    "fut_lots": 3,
    "daily_loss_stop": 0.0,
    "daily_profit_stop": 0.0,
    "max_trades_per_day_per_symbol": 999,
    "min_dte": 14,
    "use_premium_stops": false,
    "premium_sl_pct": 0.3,
    "premium_tgt_pct": 0.6,
    "fetch_only": false,
    "min_bars_before_stops": 0,
    "skip_entry_bar_sl_only": false,
    "breakeven_trigger_pct": 0.003,
    "trail_stop_pct": 0.004
  },
  "tag": "opt_v4f_trail04"
}