{
  "n_trades": 428,
  "n_long": 225,
  "n_short": 203,
  "win_rate": 0.42990654205607476,
  "avg_net": 172.9989830326275,
  "avg_win": 3543.7966932285117,
  "avg_loss": -2368.9140443282026,
  "expectancy_per_trade": 172.9989830326275,
  "total_net_pnl": 74043.56473796457,
  "total_gross": 146906.94079999818,
  "total_cost": 72863.37606203365,
  "cost_pct_of_gross": 0.059679969802005635,
  "trading_days": 54,
  "avg_trades_per_day": 7.925925925925926,
  "sharpe_daily_annualized": 1.8581917414379117,
  "max_drawdown_rs": -66382.54132969162,
  "exit_reason_counts": {
    "SL": 189,
    "TIME": 101,
    "TGT": 97,
    "OI_FLIP": 41
  },
  "per_symbol_net": {
    "ASIANPAINT": -13617.48415741241,
    "PNB": -12550.9909911711,
    "BAJAJFINSV": -8921.222698747288,
    "ADANIENT": -7879.649379924839,
    "BHARTIARTL": -7808.259978967788,
    "INDUSINDBK": -7465.771792828518,
    "RELIANCE": -7282.6755591660985,
    "BAJFINANCE": -7226.762260769111,
    "NTPC": -6764.4078380158335,
    "EICHERMOT": -6652.0744662948855,
    "DIVISLAB": -6480.243755350944,
    "TRENT": -5590.19560155702,
    "ADANIPORTS": -5512.766478637065,
    "ITC": -4823.014118094148,
    "CIPLA": -4496.5123895790075,
    "LT": -3700.801513278027,
    "INFY": -2900.3796262501587,
    "M&M": -2476.3222464185906,
    "ONGC": -2311.76949032536,
    "HINDUNILVR": -644.8634275556022,
    "TITAN": -532.2416262975321,
    "HCLTECH": 167.90921864303914,
    "JSWSTEEL": 186.32069557974796,
    "ULTRACEMCO": 1213.2118073683878,
    "POWERGRID": 1255.7543535071559,
    "TECHM": 1424.5378011438006,
    "MARUTI": 2026.6945968480175,
    "HDFCBANK": 3202.373642891544,
    "HINDALCO": 4672.166406820261,
    "TATASTEEL": 5299.375923251071,
    "WIPRO": 5647.980083291243,
    "DLF": 6131.722423502776,
    "DRREDDY": 8339.383045828932,
    "TCS": 9808.740803592684,
    "NESTLEIND": 9870.227939849823,
    "SUNPHARMA": 11120.44627267368,
    "SBIN": 12316.118720038136,
    "COALINDIA": 12324.201884671227,
    "KOTAKBANK": 15717.39661065437,
    "ICICIBANK": 16005.412265894884,
    "GRASIM": 18974.588558004194,
    "BAJAJ-AUTO": 23874.348720961763,
    "AXISBANK": 30103.06235958913
  },
  "params": {
    "price_pct": 0.002,
    "oi_pct": 0.003,
    "vol_z": 2.0,
    "sl_pct": 0.004,
    "tgt_pct": 0.008,
    "entry_start": "09:45",
    "entry_end": "14:30",
    "square_off": "15:15",
    "notional": 100000.0,
    "vol_lookback": 20,
    "max_open_per_symbol": 1,
    "use_oi_flip_exit": true,
    "require_trend_align": true,
    "avoid_lunch": true,
    "cool_off_bars": 6,
    "invert": false,
    "multi_bar_confirm": 1,
    "min_price": 0.0,
    "use_atr_stops": false,
    "atr_sl_mult": 1.0,
    "atr_tgt_mult": 2.0,
    "atr_window": 14,
    "trade_segment": "FUT",
    "fut_lots": 1
  },
  "tag": "v6_combo_d"
}