{
  "n_trades": 259,
  "n_long": 145,
  "n_short": 114,
  "win_rate": 0.4594594594594595,
  "avg_net": 322.13014419180735,
  "avg_win": 3982.6706300542583,
  "avg_loss": -2789.3292687912754,
  "expectancy_per_trade": 322.13014419180735,
  "total_net_pnl": 83431.7073456781,
  "total_gross": 127766.94600000254,
  "total_cost": 44335.23865432442,
  "cost_pct_of_gross": 0.05141608059820171,
  "trading_days": 53,
  "avg_trades_per_day": 4.886792452830188,
  "sharpe_daily_annualized": 1.95960799206681,
  "max_drawdown_rs": -68133.20492739876,
  "exit_reason_counts": {
    "SL": 102,
    "TIME": 97,
    "TGT": 31,
    "OI_FLIP": 29
  },
  "per_symbol_net": {
    "DIVISLAB": -18933.232008498304,
    "TECHM": -12352.552913195901,
    "BAJFINANCE": -9834.766809514185,
    "PNB": -9345.373221639673,
    "BAJAJFINSV": -8604.181659795899,
    "ADANIENT": -7860.876354049949,
    "COALINDIA": -7845.976217314243,
    "CIPLA": -7106.540163818932,
    "ASIANPAINT": -6981.278294130577,
    "HINDUNILVR": -5962.354126404663,
    "TRENT": -4896.777802373359,
    "ADANIPORTS": -4262.408449778893,
    "EICHERMOT": -3348.0671527770073,
    "POWERGRID": -3186.3501539222834,
    "HINDALCO": -2067.4597465009983,
    "ULTRACEMCO": -1733.942497414402,
    "MARUTI": -1598.3012570735398,
    "DLF": -1410.3977057893076,
    "DRREDDY": -1347.7895452210996,
    "INFY": -1116.963224525689,
    "M&M": -1017.7930736276994,
    "BHARTIARTL": -907.6669372659098,
    "ITC": -514.7091416001455,
    "HDFCBANK": 63.82994437353511,
    "NTPC": 1341.7549810810501,
    "RELIANCE": 2289.7868140266837,
    "JSWSTEEL": 3104.1523110850917,
    "TCS": 3140.3746285089396,
    "LT": 3976.532613227355,
    "ONGC": 4389.65478823521,
    "HCLTECH": 4563.655225262206,
    "TITAN": 4777.830539346104,
    "WIPRO": 6427.127729256777,
    "TATASTEEL": 7928.048950021261,
    "SUNPHARMA": 13547.759314979527,
    "SBIN": 14289.818156832222,
    "BAJAJ-AUTO": 15213.559051531021,
    "INDUSINDBK": 15964.10307461563,
    "KOTAKBANK": 16392.511223610974,
    "GRASIM": 17352.864095242912,
    "ICICIBANK": 18399.738112999283,
    "AXISBANK": 25881.289977674955,
    "NESTLEIND": 26623.074270000045
  },
  "params": {
    "price_pct": 0.0025,
    "oi_pct": 0.003,
    "vol_z": 2.5,
    "sl_pct": 0.005,
    "tgt_pct": 0.012,
    "entry_start": "09:45",
    "entry_end": "14:30",
    "square_off": "15:15",
    "notional": 100000.0,
    "vol_lookback": 20,
    "max_open_per_symbol": 1,
    "use_oi_flip_exit": true,
    "require_trend_align": true,
    "avoid_lunch": true,
    "cool_off_bars": 0,
    "invert": false,
    "multi_bar_confirm": 1,
    "min_price": 0.0,
    "use_atr_stops": false,
    "atr_sl_mult": 1.0,
    "atr_tgt_mult": 2.0,
    "atr_window": 14,
    "trade_segment": "FUT",
    "fut_lots": 1
  },
  "tag": "v5_vol_z25"
}