{
  "n_trades": 718,
  "n_long": 407,
  "n_short": 311,
  "win_rate": 0.4233983286908078,
  "avg_net": 21.51696864859308,
  "avg_win": 3455.8173158216778,
  "avg_loss": -2500.2881171983095,
  "expectancy_per_trade": 21.51696864859308,
  "total_net_pnl": 15449.183489689829,
  "total_gross": 139633.42790000676,
  "total_cost": 124184.24441031695,
  "cost_pct_of_gross": 0.060047795229732116,
  "trading_days": 58,
  "avg_trades_per_day": 12.379310344827585,
  "sharpe_daily_annualized": 0.2646127524249025,
  "max_drawdown_rs": -129216.29890253801,
  "exit_reason_counts": {
    "OI_FLIP": 276,
    "SL": 216,
    "TIME": 159,
    "TGT": 67
  },
  "per_symbol_net": {
    "HINDALCO": -42010.3712699104,
    "PNB": -28229.558191280463,
    "BAJFINANCE": -27355.48514950163,
    "JSWSTEEL": -25367.364783251756,
    "ASIANPAINT": -25035.587624023727,
    "EICHERMOT": -21477.885125913872,
    "TECHM": -13499.920849470092,
    "HCLTECH": -11918.413164963857,
    "ADANIENT": -6904.506107003368,
    "POWERGRID": -6877.168247257706,
    "HINDUNILVR": -6734.163008135625,
    "LT": -6085.770604078365,
    "BHARTIARTL": -6070.023645965349,
    "ONGC": -4789.446201583018,
    "M&M": -4247.33054852464,
    "ITC": -3663.9578280176447,
    "TRENT": -2729.0338658981027,
    "KOTAKBANK": -1155.4229597031472,
    "AXISBANK": 447.37465291761964,
    "ADANIPORTS": 478.379748375688,
    "MARUTI": 560.4785635750759,
    "INFY": 821.4371002743651,
    "SUNPHARMA": 1355.692617871167,
    "BAJAJFINSV": 1580.8183808932554,
    "NTPC": 2595.507085279868,
    "NESTLEIND": 4599.398960599887,
    "DIVISLAB": 4874.949088757934,
    "HDFCBANK": 5513.659727066878,
    "INDUSINDBK": 5526.956173551222,
    "BAJAJ-AUTO": 7932.073700422859,
    "TCS": 8765.430589099007,
    "DRREDDY": 9101.577710064506,
    "RELIANCE": 9662.127829663501,
    "TATASTEEL": 10805.867148494255,
    "TITAN": 12613.739440761492,
    "DLF": 14357.07310004305,
    "CIPLA": 15489.496552775796,
    "GRASIM": 15564.871171396908,
    "COALINDIA": 18395.72924123957,
    "ULTRACEMCO": 32520.702177928804,
    "ICICIBANK": 37812.02524493811,
    "SBIN": 38225.22665818175
  },
  "params": {
    "price_pct": 0.003,
    "oi_pct": 0.0,
    "vol_z": 2.0,
    "sl_pct": 0.005,
    "tgt_pct": 0.012,
    "entry_start": "09:45",
    "entry_end": "14:30",
    "square_off": "15:15",
    "notional": 100000.0,
    "vol_lookback": 20,
    "max_open_per_symbol": 1,
    "use_oi_flip_exit": true,
    "require_trend_align": true,
    "avoid_lunch": true,
    "cool_off_bars": 0,
    "invert": false,
    "multi_bar_confirm": 1,
    "min_price": 0.0,
    "use_atr_stops": false,
    "atr_sl_mult": 1.0,
    "atr_tgt_mult": 2.0,
    "atr_window": 14,
    "trade_segment": "FUT",
    "fut_lots": 1
  },
  "tag": "v5_no_oi"
}