{
  "n_trades": 47,
  "n_long": 31,
  "n_short": 16,
  "win_rate": 0.3404255319148936,
  "avg_net": -37.775036747397,
  "avg_win": 817.3063485611242,
  "avg_loss": -479.10736464856916,
  "expectancy_per_trade": -37.775036747397,
  "total_net_pnl": -1775.426727127659,
  "total_gross": 2087.9608499999745,
  "total_cost": 3863.3875771276334,
  "cost_pct_of_gross": 0.14468570727912275,
  "trading_days": 30,
  "avg_trades_per_day": 1.5666666666666667,
  "sharpe_daily_annualized": -1.2765345121318457,
  "max_drawdown_rs": -3335.251610780405,
  "exit_reason_counts": {
    "SL": 31,
    "TIME": 12,
    "TGT": 4
  },
  "per_symbol_net": {
    "NTPC": -1444.0462200869138,
    "HINDALCO": -1442.0055308679785,
    "COALINDIA": -974.4264421892829,
    "ADANIPORTS": -955.1662042126306,
    "HINDUNILVR": -951.665805427083,
    "PNB": -692.0285933875025,
    "POWERGRID": -482.1637356790346,
    "BHARTIARTL": -479.66596913440605,
    "ICICIBANK": -478.4667488987523,
    "TCS": -477.8029662487729,
    "M&M": -476.87373537090645,
    "GRASIM": -475.94870884766874,
    "ASIANPAINT": -472.5289552355566,
    "TITAN": -468.8773383205957,
    "INFY": 228.68897105441766,
    "DLF": 357.56887048460743,
    "TECHM": 454.73197692350345,
    "NESTLEIND": 601.724161688,
    "TATASTEEL": 821.3356252624937,
    "INDUSINDBK": 950.9101520918,
    "LT": 1013.6237854207975,
    "ADANIENT": 1261.8797707373028,
    "SBIN": 1402.7419238649868,
    "TRENT": 1403.0349892515155
  },
  "params": {
    "price_pct": 0.004,
    "oi_pct": 0.005,
    "vol_z": 2.5,
    "sl_pct": 0.004,
    "tgt_pct": 0.015,
    "entry_start": "09:45",
    "entry_end": "14:30",
    "square_off": "15:15",
    "notional": 100000.0,
    "vol_lookback": 20,
    "max_open_per_symbol": 1,
    "use_oi_flip_exit": false,
    "require_trend_align": true,
    "avoid_lunch": true,
    "cool_off_bars": 12,
    "invert": false,
    "multi_bar_confirm": 2,
    "min_price": 0.0,
    "use_atr_stops": false,
    "atr_sl_mult": 1.0,
    "atr_tgt_mult": 2.0,
    "atr_window": 14
  },
  "tag": "v3c_selective"
}