{
  "n_trades": 48,
  "n_long": 32,
  "n_short": 16,
  "win_rate": 0.3333333333333333,
  "avg_net": -132.4771151974067,
  "avg_win": 5466.450720521682,
  "avg_loss": -2931.9410330569517,
  "expectancy_per_trade": -132.4771151974067,
  "total_net_pnl": -6358.901529475522,
  "total_gross": 2155.812999999672,
  "total_cost": 8514.714529475203,
  "cost_pct_of_gross": 0.04770137853804873,
  "trading_days": 30,
  "avg_trades_per_day": 1.6,
  "sharpe_daily_annualized": -0.6695012233694089,
  "max_drawdown_rs": -26565.319704784823,
  "exit_reason_counts": {
    "SL": 32,
    "TIME": 13,
    "TGT": 3
  },
  "per_symbol_net": {
    "HINDALCO": -9336.861274027911,
    "NTPC": -7291.5101993843855,
    "ADANIPORTS": -6344.683405803992,
    "HINDUNILVR": -5918.390710610471,
    "BHARTIARTL": -3853.164549996806,
    "PNB": -3588.167167962199,
    "COALINDIA": -3391.7582728113407,
    "TITAN": -3159.6767830542544,
    "GRASIM": -3101.0338844010416,
    "ASIANPAINT": -2747.8889773582027,
    "POWERGRID": -2392.78315941935,
    "DLF": -2178.621178089619,
    "TCS": -1899.0285329187388,
    "TRENT": -1125.4811958919615,
    "M&M": 1038.13803552,
    "INFY": 1496.757530841576,
    "TATASTEEL": 3175.4842823459107,
    "ADANIENT": 4072.949078122929,
    "NESTLEIND": 5122.192150600068,
    "TECHM": 5268.66159321154,
    "LT": 5989.491978239968,
    "ICICIBANK": 6016.168366580064,
    "INDUSINDBK": 6231.590900409984,
    "SBIN": 11558.71384638271
  },
  "params": {
    "price_pct": 0.004,
    "oi_pct": 0.005,
    "vol_z": 2.5,
    "sl_pct": 0.004,
    "tgt_pct": 0.015,
    "entry_start": "09:45",
    "entry_end": "14:30",
    "square_off": "15:15",
    "notional": 100000.0,
    "vol_lookback": 20,
    "max_open_per_symbol": 1,
    "use_oi_flip_exit": false,
    "require_trend_align": true,
    "avoid_lunch": true,
    "cool_off_bars": 12,
    "invert": false,
    "multi_bar_confirm": 2,
    "min_price": 0.0,
    "use_atr_stops": false,
    "atr_sl_mult": 1.0,
    "atr_tgt_mult": 2.0,
    "atr_window": 14,
    "trade_segment": "FUT",
    "fut_lots": 1
  },
  "tag": "v4_fut_sel"
}