{
  "n_trades": 364,
  "n_long": 198,
  "n_short": 166,
  "win_rate": 0.44505494505494503,
  "avg_net": 173.52272694304344,
  "avg_win": 3946.6989357567436,
  "avg_loss": -2852.4898761649742,
  "expectancy_per_trade": 173.52272694304344,
  "total_net_pnl": 63162.27260726781,
  "total_gross": 125452.27275000377,
  "total_cost": 62290.00014273595,
  "cost_pct_of_gross": 0.05147004545934444,
  "trading_days": 53,
  "avg_trades_per_day": 6.867924528301887,
  "sharpe_daily_annualized": 1.4215521465142462,
  "max_drawdown_rs": -66558.33063484551,
  "exit_reason_counts": {
    "SL": 153,
    "TIME": 106,
    "TGT": 65,
    "OI_FLIP": 40
  },
  "per_symbol_net": {
    "BAJFINANCE": -17073.97718990172,
    "PNB": -14900.106409384563,
    "DIVISLAB": -13904.249255488248,
    "ASIANPAINT": -13330.289635965495,
    "BAJAJFINSV": -12010.03259285884,
    "ADANIENT": -11089.20304849963,
    "TECHM": -5986.611006276288,
    "TRENT": -5636.435505716899,
    "EICHERMOT": -5186.288474779905,
    "LT": -5082.346457385018,
    "HCLTECH": -4805.767127930827,
    "M&M": -4326.805202633161,
    "ITC": -4196.653099057681,
    "NTPC": -3941.304021755394,
    "CIPLA": -3904.223918629004,
    "DRREDDY": -2965.5454998361733,
    "COALINDIA": -2769.355783667283,
    "POWERGRID": -2523.152471381714,
    "JSWSTEEL": -1916.6619507174846,
    "HINDUNILVR": -1873.6156298312694,
    "ADANIPORTS": -1186.9317442927738,
    "BHARTIARTL": -907.6669372659098,
    "DLF": -642.1431616092405,
    "TATASTEEL": -631.8462244828424,
    "ULTRACEMCO": -439.9489441144019,
    "ONGC": 160.52996849564033,
    "TCS": 2282.838961653923,
    "RELIANCE": 3364.098054180019,
    "HDFCBANK": 4027.786137925718,
    "MARUTI": 5127.809538062106,
    "INDUSINDBK": 5536.593358815386,
    "HINDALCO": 5587.092233536269,
    "WIPRO": 6744.225678634026,
    "INFY": 8851.06464502475,
    "SBIN": 9684.766013109707,
    "SUNPHARMA": 14046.822884757028,
    "BAJAJ-AUTO": 14236.27414672857,
    "KOTAKBANK": 15831.171237910978,
    "ICICIBANK": 18661.779693643708,
    "NESTLEIND": 19298.070653344937,
    "GRASIM": 20234.441611334976,
    "TITAN": 21444.70809632787,
    "AXISBANK": 29273.360987243974
  },
  "params": {
    "price_pct": 0.0025,
    "oi_pct": 0.003,
    "vol_z": 2.0,
    "sl_pct": 0.005,
    "tgt_pct": 0.01,
    "entry_start": "09:45",
    "entry_end": "14:30",
    "square_off": "15:15",
    "notional": 100000.0,
    "vol_lookback": 20,
    "max_open_per_symbol": 1,
    "use_oi_flip_exit": true,
    "require_trend_align": true,
    "avoid_lunch": true,
    "cool_off_bars": 0,
    "invert": false,
    "multi_bar_confirm": 1,
    "min_price": 0.0,
    "use_atr_stops": false,
    "atr_sl_mult": 1.0,
    "atr_tgt_mult": 2.0,
    "atr_window": 14,
    "trade_segment": "FUT",
    "fut_lots": 1
  },
  "tag": "v5_tgt_mid"
}