{
  "n_trades": 545,
  "n_ce": 291,
  "n_pe": 254,
  "win_rate": 0.42385321100917434,
  "avg_net": 259.61405280466477,
  "avg_win": 2091.687575505857,
  "avg_loss": -1088.185258481881,
  "avg_premium_entry": 79.05335779816514,
  "total_net_pnl": 141489.6587785423,
  "total_gross": 186021.05,
  "total_cost": 44531.3912214577,
  "trading_days": 55,
  "avg_trades_per_day": 9.909090909090908,
  "sharpe_daily_annualized": 4.5006087644343555,
  "max_drawdown_rs": -61140.45789986737,
  "exit_reason_counts": {
    "SL": 229,
    "TIME": 137,
    "TGT": 107,
    "OI_FLIP": 72
  },
  "per_symbol_net": {
    "TITAN": -7251.210820740002,
    "BHARTIARTL": -6006.9864966549985,
    "MARUTI": -4880.7363164200015,
    "JSWSTEEL": -4584.990757302505,
    "HINDALCO": -4121.414056060002,
    "PNB": -2980.7818841599947,
    "BAJAJ-AUTO": -2914.9549928074966,
    "NTPC": -2703.5708109999987,
    "GRASIM": -2324.0479464750024,
    "HDFCBANK": -2233.7015968050023,
    "ITC": -2223.6825979100004,
    "KOTAKBANK": -2179.9379326,
    "DRREDDY": -1894.8470215000034,
    "INDUSINDBK": -1619.82718892,
    "POWERGRID": -1586.3119779300023,
    "BAJAJFINSV": -777.8288187250015,
    "HCLTECH": 411.91842048000234,
    "SUNPHARMA": 576.387569424999,
    "HINDUNILVR": 1929.314519250001,
    "TECHM": 2196.0539105600024,
    "LT": 3573.534560684997,
    "ASIANPAINT": 3638.322604299999,
    "RELIANCE": 3889.670166900005,
    "INFY": 3969.0960361200073,
    "ADANIPORTS": 4228.993836004993,
    "M&M": 4340.607887699996,
    "EICHERMOT": 4537.047904910002,
    "ULTRACEMCO": 4650.826115105,
    "CIPLA": 5478.312461894998,
    "ONGC": 5702.64601675,
    "BAJFINANCE": 6016.303386999998,
    "DLF": 6243.656514287501,
    "TCS": 6387.701434877499,
    "TATASTEEL": 6494.964902519998,
    "TRENT": 6928.501957154998,
    "DIVISLAB": 7449.264190670004,
    "WIPRO": 8047.649676020001,
    "NESTLEIND": 11444.106755699993,
    "ICICIBANK": 12212.49212558,
    "AXISBANK": 14559.368853062497,
    "ADANIENT": 15838.309593064807,
    "COALINDIA": 20394.977007905,
    "SBIN": 20634.461586625
  },
  "avg_bars_held": 16.70275229357798,
  "params": {
    "price_pct": 0.002,
    "oi_pct": 0.001,
    "vol_z": 1.5,
    "sl_pct": 0.005,
    "tgt_pct": 0.01,
    "entry_start": "09:45",
    "entry_end": "14:30",
    "square_off": "15:15",
    "notional": 100000.0,
    "vol_lookback": 20,
    "max_open_per_symbol": 1,
    "use_oi_flip_exit": true,
    "require_trend_align": true,
    "avoid_lunch": true,
    "cool_off_bars": 0,
    "invert": false,
    "multi_bar_confirm": 1,
    "min_price": 0.0,
    "use_atr_stops": false,
    "atr_sl_mult": 1.0,
    "atr_tgt_mult": 2.0,
    "atr_window": 14,
    "trade_segment": "OPT",
    "fut_lots": 1,
    "daily_loss_stop": 0.0,
    "daily_profit_stop": 0.0,
    "max_trades_per_day_per_symbol": 999,
    "min_dte": 14,
    "use_premium_stops": false,
    "premium_sl_pct": 0.3,
    "premium_tgt_pct": 0.6,
    "fetch_only": false
  },
  "tag": "opt_v2_loose"
}