{
  "n_trades": 208,
  "n_long": 121,
  "n_short": 87,
  "win_rate": 0.46634615384615385,
  "avg_net": 281.4215226676656,
  "avg_win": 3319.1304903430823,
  "avg_loss": -2373.1529806162566,
  "expectancy_per_trade": 281.4215226676656,
  "total_net_pnl": 58535.67671487445,
  "total_gross": 94092.14274999617,
  "total_cost": 35556.466035121724,
  "cost_pct_of_gross": 0.06094169451890178,
  "trading_days": 48,
  "avg_trades_per_day": 4.333333333333333,
  "sharpe_daily_annualized": 2.180597104016893,
  "max_drawdown_rs": -53807.821161977074,
  "exit_reason_counts": {
    "SL": 87,
    "TGT": 61,
    "TIME": 49,
    "OI_FLIP": 11
  },
  "per_symbol_net": {
    "ADANIENT": -16311.891476410134,
    "DIVISLAB": -9972.20188355085,
    "TITAN": -9493.760237875153,
    "HINDUNILVR": -8454.555637683634,
    "TRENT": -7721.3072962921815,
    "ASIANPAINT": -7132.787222774643,
    "BAJAJFINSV": -5729.793235812496,
    "NTPC": -4736.096499339376,
    "POWERGRID": -4625.928247647604,
    "BHARTIARTL": -4209.85901241674,
    "PNB": -3512.199180282172,
    "CIPLA": -2894.409103370259,
    "EICHERMOT": -2652.269167541624,
    "DRREDDY": -2464.4310427257487,
    "ONGC": -1941.8511426105715,
    "COALINDIA": -1244.347340554716,
    "ITC": -514.7091416001455,
    "ADANIPORTS": -447.2711818488078,
    "TECHM": -359.5339721726018,
    "M&M": -65.9626761943482,
    "HDFCBANK": 475.7970790217854,
    "HINDALCO": 919.5257412514844,
    "BAJFINANCE": 1290.565683778737,
    "INFY": 1486.8581971269919,
    "RELIANCE": 1580.1209806306938,
    "ULTRACEMCO": 1598.4284495,
    "MARUTI": 2382.3434225,
    "TATASTEEL": 2619.1059577895194,
    "DLF": 3538.6029861815005,
    "WIPRO": 3686.513740899779,
    "LT": 3832.6880939953294,
    "JSWSTEEL": 4150.923838161596,
    "HCLTECH": 4879.931069923797,
    "SUNPHARMA": 8065.6380788868755,
    "ICICIBANK": 8103.785860435779,
    "INDUSINDBK": 9418.134497471527,
    "TCS": 10281.480702610188,
    "SBIN": 10370.553248021512,
    "KOTAKBANK": 10475.99264988947,
    "BAJAJ-AUTO": 11122.226738342764,
    "AXISBANK": 15901.631724945833,
    "GRASIM": 16124.481427865643,
    "NESTLEIND": 20715.51124434746
  },
  "params": {
    "price_pct": 0.0025,
    "oi_pct": 0.005,
    "vol_z": 2.5,
    "sl_pct": 0.004,
    "tgt_pct": 0.007,
    "entry_start": "09:45",
    "entry_end": "14:30",
    "square_off": "15:15",
    "notional": 100000.0,
    "vol_lookback": 20,
    "max_open_per_symbol": 1,
    "use_oi_flip_exit": true,
    "require_trend_align": true,
    "avoid_lunch": true,
    "cool_off_bars": 0,
    "invert": false,
    "multi_bar_confirm": 1,
    "min_price": 0.0,
    "use_atr_stops": false,
    "atr_sl_mult": 1.0,
    "atr_tgt_mult": 2.0,
    "atr_window": 14,
    "trade_segment": "FUT",
    "fut_lots": 1
  },
  "tag": "v6_combo_b"
}