{
  "n_trades": 172,
  "n_ce": 98,
  "n_pe": 74,
  "win_rate": 0.42441860465116277,
  "avg_net": 1167.8871656164738,
  "avg_win": 6677.021481353575,
  "avg_loss": -2894.4037944725005,
  "avg_premium_entry": 79.74511627906976,
  "total_net_pnl": 200876.5924860335,
  "total_gross": 227909.55,
  "total_cost": 27032.957513966503,
  "trading_days": 43,
  "avg_trades_per_day": 4.0,
  "sharpe_daily_annualized": 5.655375513871353,
  "max_drawdown_rs": -70190.44448791753,
  "exit_reason_counts": {
    "SL": 88,
    "TGT": 49,
    "TIME": 23,
    "OI_FLIP": 12
  },
  "per_symbol_net": {
    "PNB": -15568.675020639988,
    "DIVISLAB": -15184.481791369992,
    "ASIANPAINT": -14222.880776400005,
    "JSWSTEEL": -10091.46542080001,
    "BHARTIARTL": -8590.4417518725,
    "DLF": -8522.462931374994,
    "MARUTI": -7053.737830490006,
    "EICHERMOT": -5385.589671869998,
    "NTPC": -3958.7704683499924,
    "BAJFINANCE": -3492.111189624995,
    "TECHM": -1885.95304266,
    "ITC": -1654.534504929999,
    "BAJAJFINSV": -1359.5043022250045,
    "TITAN": -769.527558357504,
    "ICICIBANK": -202.71548572,
    "BAJAJ-AUTO": 141.87379574000005,
    "POWERGRID": 982.4914111999959,
    "RELIANCE": 2158.0185060499925,
    "INDUSINDBK": 2210.542722130005,
    "TCS": 3694.5496338950015,
    "NESTLEIND": 4032.4191711,
    "TATASTEEL": 5722.477945904986,
    "ULTRACEMCO": 5744.18122558,
    "DRREDDY": 6181.745375687501,
    "GRASIM": 7153.391411774994,
    "HINDUNILVR": 7290.264093570002,
    "CIPLA": 8662.694331994997,
    "LT": 8845.767950134996,
    "HCLTECH": 8989.848032230006,
    "HINDALCO": 12626.4558885,
    "WIPRO": 13154.35286188,
    "ONGC": 13236.003510325008,
    "TRENT": 17273.530516890012,
    "INFY": 18956.469224720022,
    "KOTAKBANK": 20641.124668000004,
    "SBIN": 20648.74865284999,
    "ADANIENT": 21970.467982733488,
    "COALINDIA": 28125.55427617998,
    "AXISBANK": 30163.196602937496,
    "ADANIPORTS": 30213.274440709996
  },
  "avg_bars_held": 12.093023255813954,
  "params": {
    "price_pct": 0.0025,
    "oi_pct": 0.003,
    "vol_z": 2.0,
    "sl_pct": 0.004,
    "tgt_pct": 0.008,
    "entry_start": "09:45",
    "entry_end": "14:30",
    "square_off": "15:15",
    "notional": 100000.0,
    "vol_lookback": 20,
    "max_open_per_symbol": 1,
    "use_oi_flip_exit": true,
    "require_trend_align": true,
    "avoid_lunch": true,
    "cool_off_bars": 0,
    "invert": false,
    "multi_bar_confirm": 1,
    "min_price": 0.0,
    "use_atr_stops": false,
    "atr_sl_mult": 1.0,
    "atr_tgt_mult": 2.0,
    "atr_window": 14,
    "trade_segment": "OPT",
    "fut_lots": 3,
    "daily_loss_stop": 0.0,
    "daily_profit_stop": 0.0,
    "max_trades_per_day_per_symbol": 999,
    "min_dte": 14,
    "use_premium_stops": false,
    "premium_sl_pct": 0.3,
    "premium_tgt_pct": 0.6,
    "fetch_only": false
  },
  "tag": "opt_v2_spot_3lots"
}