{
  "n_trades": 2608,
  "n_long": 1310,
  "n_short": 1298,
  "win_rate": 0.3638803680981595,
  "avg_net": -73.42012744549092,
  "avg_win": 554.5726193413082,
  "avg_loss": -432.65166252727056,
  "expectancy_per_trade": -73.42012744549092,
  "total_net_pnl": -191479.6923778403,
  "total_gross": 22485.58803999998,
  "total_cost": 213965.2804178403,
  "cost_pct_of_gross": 0.17957825327555033,
  "trading_days": 58,
  "avg_trades_per_day": 44.96551724137931,
  "sharpe_daily_annualized": -10.644843535319572,
  "max_drawdown_rs": -188180.1983055322,
  "exit_reason_counts": {
    "SL": 1425,
    "TGT": 641,
    "TIME": 542
  },
  "per_symbol_net": {
    "HINDALCO": -14789.896874231596,
    "DRREDDY": -10543.351383277723,
    "LT": -10534.55749352603,
    "INFY": -8890.835365399531,
    "ASIANPAINT": -8808.930869839824,
    "AXISBANK": -8362.626904303363,
    "TATASTEEL": -8135.114061687273,
    "HDFCBANK": -8115.709853758942,
    "DIVISLAB": -8099.098104029752,
    "TITAN": -7269.152814500663,
    "INDUSINDBK": -7243.568253894172,
    "NESTLEIND": -7016.796216270737,
    "HINDUNILVR": -6721.399512932405,
    "HCLTECH": -6116.125239741368,
    "DLF": -5961.420604010952,
    "TRENT": -5818.45841038384,
    "ITC": -5769.655264992165,
    "COALINDIA": -5565.034009841752,
    "RELIANCE": -5542.38084495659,
    "BAJAJ-AUTO": -4386.003765091774,
    "ADANIPORTS": -4376.380406829354,
    "CIPLA": -4336.332445792772,
    "ULTRACEMCO": -3814.9166430760306,
    "BAJAJFINSV": -3800.1178062843064,
    "SUNPHARMA": -3317.80917825596,
    "KOTAKBANK": -3200.649167591787,
    "SBIN": -3183.4641545596915,
    "TCS": -2866.419885352668,
    "WIPRO": -2679.5244641772388,
    "BAJFINANCE": -2034.6373432473392,
    "GRASIM": -1666.3778072047712,
    "NTPC": -1658.0997787839403,
    "POWERGRID": -1523.9911706506177,
    "M&M": -1450.5607494695919,
    "ONGC": -1432.5940352619943,
    "PNB": -899.3258859521665,
    "ADANIENT": -714.7909054481661,
    "BHARTIARTL": -429.83812588384825,
    "ICICIBANK": 167.26805916102649,
    "MARUTI": 292.41602771660223,
    "JSWSTEEL": 558.5323449285536,
    "TECHM": 1106.3058737617412,
    "EICHERMOT": 3471.731117084464
  },
  "params": {
    "price_pct": 0.001,
    "oi_pct": 0.001,
    "vol_z": 1.0,
    "sl_pct": 0.004,
    "tgt_pct": 0.008,
    "entry_start": "09:45",
    "entry_end": "14:30",
    "square_off": "15:15",
    "notional": 100000.0,
    "vol_lookback": 20,
    "max_open_per_symbol": 1,
    "use_oi_flip_exit": false,
    "require_trend_align": false,
    "avoid_lunch": false,
    "cool_off_bars": 0
  },
  "tag": "v2_loose"
}