{
  "n_trades": 94,
  "n_long": 52,
  "n_short": 42,
  "win_rate": 0.30851063829787234,
  "avg_net": -89.95739611326682,
  "avg_win": 673.0174784140971,
  "avg_loss": -430.3615709023984,
  "expectancy_per_trade": -89.95739611326682,
  "total_net_pnl": -8455.995234647082,
  "total_gross": -735.3982259490808,
  "total_cost": 7720.597008698003,
  "cost_pct_of_gross": 0.17291907163407788,
  "trading_days": 38,
  "avg_trades_per_day": 2.473684210526316,
  "sharpe_daily_annualized": -3.975982004805047,
  "max_drawdown_rs": -7810.541618636792,
  "exit_reason_counts": {
    "SL": 63,
    "TGT": 25,
    "TIME": 6
  },
  "per_symbol_net": {
    "HINDUNILVR": -2099.8746322993566,
    "HINDALCO": -1676.3735725700851,
    "ASIANPAINT": -1462.397826502201,
    "PNB": -1393.7358524793067,
    "BAJAJ-AUTO": -988.0732311376164,
    "SUNPHARMA": -979.044256768383,
    "CIPLA": -975.0474732934275,
    "AXISBANK": -945.6267291026454,
    "NTPC": -917.2066842394952,
    "TITAN": -776.936885408516,
    "DLF": -750.9878334716446,
    "ADANIENT": -750.6442642414262,
    "BHARTIARTL": -536.2697879752984,
    "ONGC": -468.26278648422146,
    "POWERGRID": -461.8922671101094,
    "ITC": -398.2386375616554,
    "LT": -364.30393910022156,
    "COALINDIA": -359.1896974612563,
    "DIVISLAB": -352.7063602794213,
    "TECHM": -336.1421372999971,
    "TATASTEEL": -325.97332997858905,
    "ADANIPORTS": -301.3980780405441,
    "M&M": -300.13924443439606,
    "ICICIBANK": -258.143949380866,
    "KOTAKBANK": -30.18270729280296,
    "DRREDDY": 17.659620361356474,
    "GRASIM": 116.6501085190003,
    "INDUSINDBK": 171.30980943108403,
    "TCS": 388.40565806527036,
    "HDFCBANK": 437.476100428,
    "INFY": 478.1788672239969,
    "HCLTECH": 584.9514726604201,
    "BAJFINANCE": 757.5250338185924,
    "NESTLEIND": 1735.1086440210024,
    "SBIN": 1923.2920420240596,
    "TRENT": 3142.2395727136163
  },
  "params": {
    "price_pct": 0.003,
    "oi_pct": 0.004,
    "vol_z": 2.0,
    "sl_pct": 0.005,
    "tgt_pct": 0.01,
    "entry_start": "09:45",
    "entry_end": "14:30",
    "square_off": "15:15",
    "notional": 100000.0,
    "vol_lookback": 20,
    "max_open_per_symbol": 1,
    "use_oi_flip_exit": false,
    "require_trend_align": true,
    "avoid_lunch": true,
    "cool_off_bars": 6,
    "invert": false,
    "multi_bar_confirm": 2,
    "min_price": 0.0,
    "use_atr_stops": true,
    "atr_sl_mult": 1.0,
    "atr_tgt_mult": 2.5,
    "atr_window": 14
  },
  "tag": "v3b_atr"
}