{
  "n_trades": 367,
  "n_long": 200,
  "n_short": 167,
  "win_rate": 0.444141689373297,
  "avg_net": 168.49829767591086,
  "avg_win": 3409.8926085776734,
  "avg_loss": -2421.4393134857914,
  "expectancy_per_trade": 168.49829767591086,
  "total_net_pnl": 61838.87524705929,
  "total_gross": 124594.45694999436,
  "total_cost": 62755.58170293509,
  "cost_pct_of_gross": 0.06012484110855406,
  "trading_days": 53,
  "avg_trades_per_day": 6.9245283018867925,
  "sharpe_daily_annualized": 1.9366939669166123,
  "max_drawdown_rs": -45105.19388187494,
  "exit_reason_counts": {
    "SL": 162,
    "TGT": 105,
    "TIME": 67,
    "OI_FLIP": 33
  },
  "per_symbol_net": {
    "ADANIENT": -20434.764665967305,
    "PNB": -12294.002515187785,
    "DIVISLAB": -11823.839022571365,
    "ASIANPAINT": -10813.481318292646,
    "TRENT": -8227.584932961689,
    "NTPC": -7924.546296319095,
    "BHARTIARTL": -7808.259978967788,
    "BAJAJFINSV": -7492.388270279908,
    "ADANIPORTS": -7258.654431040891,
    "BAJFINANCE": -5630.74549294727,
    "CIPLA": -5218.254626270482,
    "LT": -4396.324538826921,
    "EICHERMOT": -3800.56179384407,
    "ITC": -3722.553380174203,
    "POWERGRID": -2786.9929464575816,
    "M&M": -2746.282666038663,
    "JSWSTEEL": -2382.9409247801555,
    "HCLTECH": -1287.0730036977793,
    "ONGC": -217.28680398690858,
    "DRREDDY": -216.93364539412096,
    "ULTRACEMCO": 172.92654676838768,
    "HINDUNILVR": 240.5970037772512,
    "INFY": 601.0252495046265,
    "TATASTEEL": 833.2377661476175,
    "INDUSINDBK": 2908.875087874552,
    "HDFCBANK": 3213.323086240264,
    "DLF": 4367.365830169639,
    "WIPRO": 5099.85728561981,
    "TECHM": 5245.264766669437,
    "RELIANCE": 5734.726790008923,
    "HINDALCO": 5858.302469913643,
    "TITAN": 7255.600392196246,
    "MARUTI": 7510.377484411984,
    "TCS": 8328.18913340599,
    "SBIN": 8757.958989828843,
    "SUNPHARMA": 9351.695257585012,
    "KOTAKBANK": 10475.99264988947,
    "COALINDIA": 12577.864961181082,
    "ICICIBANK": 14178.12017522526,
    "GRASIM": 16124.481427865643,
    "BAJAJ-AUTO": 16842.551246771895,
    "NESTLEIND": 18997.34557718297,
    "AXISBANK": 23646.667322827383
  },
  "params": {
    "price_pct": 0.0025,
    "oi_pct": 0.003,
    "vol_z": 2.0,
    "sl_pct": 0.004,
    "tgt_pct": 0.007,
    "entry_start": "09:45",
    "entry_end": "14:30",
    "square_off": "15:15",
    "notional": 100000.0,
    "vol_lookback": 20,
    "max_open_per_symbol": 1,
    "use_oi_flip_exit": true,
    "require_trend_align": true,
    "avoid_lunch": true,
    "cool_off_bars": 0,
    "invert": false,
    "multi_bar_confirm": 1,
    "min_price": 0.0,
    "use_atr_stops": false,
    "atr_sl_mult": 1.0,
    "atr_tgt_mult": 2.0,
    "atr_window": 14,
    "trade_segment": "FUT",
    "fut_lots": 1
  },
  "tag": "v6_combo_c"
}