{
  "n_trades": 177,
  "n_ce": 103,
  "n_pe": 74,
  "win_rate": 0.4350282485875706,
  "avg_net": 1035.532705226276,
  "avg_win": 5917.130068072035,
  "avg_loss": -2723.297264164958,
  "avg_premium_entry": 79.8116384180791,
  "total_net_pnl": 183289.28882505087,
  "total_gross": 211167.44999999998,
  "total_cost": 27878.161174949102,
  "trading_days": 43,
  "avg_trades_per_day": 4.116279069767442,
  "sharpe_daily_annualized": 5.6577285915280005,
  "max_drawdown_rs": -56944.32468782831,
  "exit_reason_counts": {
    "SL": 127,
    "TGT": 28,
    "TIME": 12,
    "OI_FLIP": 10
  },
  "per_symbol_net": {
    "PNB": -15568.675020639988,
    "ASIANPAINT": -14222.880776400005,
    "DLF": -14076.40347205,
    "JSWSTEEL": -10091.46542080001,
    "DIVISLAB": -9490.407135169991,
    "BHARTIARTL": -8590.4417518725,
    "ADANIENT": -5856.963265154094,
    "EICHERMOT": -5385.589671869998,
    "MARUTI": -4528.865252675002,
    "BAJFINANCE": -3492.111189624995,
    "NTPC": -2834.939944099996,
    "ITC": -1654.534504929999,
    "BAJAJFINSV": -1359.5043022250045,
    "TITAN": -769.527558357504,
    "TECHM": -357.5435296799975,
    "ICICIBANK": -202.71548572,
    "POWERGRID": 2406.0100752499957,
    "ULTRACEMCO": 2455.103891274993,
    "ONGC": 3121.528792075005,
    "TCS": 3694.5496338950015,
    "NESTLEIND": 4032.4191711,
    "TATASTEEL": 4074.193177004984,
    "DRREDDY": 6181.745375687501,
    "GRASIM": 7215.200212624993,
    "WIPRO": 7759.966345480003,
    "BAJAJ-AUTO": 8154.785433642495,
    "LT": 8845.767950134996,
    "HCLTECH": 8989.848032230006,
    "CIPLA": 10236.057065945,
    "ADANIPORTS": 10639.892810022495,
    "HINDUNILVR": 11785.586190570002,
    "INDUSINDBK": 11860.50082369,
    "HINDALCO": 12626.4558885,
    "RELIANCE": 14819.842412599995,
    "TRENT": 17677.239748325006,
    "INFY": 18956.469224720022,
    "KOTAKBANK": 20641.124668000004,
    "SBIN": 20648.74865284999,
    "AXISBANK": 30725.11186506249,
    "COALINDIA": 34223.70966563499
  },
  "avg_bars_held": 8.926553672316384,
  "params": {
    "price_pct": 0.0025,
    "oi_pct": 0.003,
    "vol_z": 2.0,
    "sl_pct": 0.004,
    "tgt_pct": 0.008,
    "entry_start": "09:45",
    "entry_end": "14:30",
    "square_off": "15:15",
    "notional": 100000.0,
    "vol_lookback": 20,
    "max_open_per_symbol": 1,
    "use_oi_flip_exit": true,
    "require_trend_align": true,
    "avoid_lunch": true,
    "cool_off_bars": 0,
    "invert": false,
    "multi_bar_confirm": 1,
    "min_price": 0.0,
    "use_atr_stops": false,
    "atr_sl_mult": 1.0,
    "atr_tgt_mult": 2.0,
    "atr_window": 14,
    "trade_segment": "OPT",
    "fut_lots": 3,
    "daily_loss_stop": 0.0,
    "daily_profit_stop": 0.0,
    "max_trades_per_day_per_symbol": 999,
    "min_dte": 14,
    "use_premium_stops": false,
    "premium_sl_pct": 0.3,
    "premium_tgt_pct": 0.6,
    "fetch_only": false,
    "min_bars_before_stops": 0,
    "skip_entry_bar_sl_only": false,
    "breakeven_trigger_pct": 0.004,
    "trail_stop_pct": 0.0
  },
  "tag": "opt_v4b_be04"
}