{
  "n_trades": 178,
  "n_ce": 104,
  "n_pe": 74,
  "win_rate": 0.46629213483146065,
  "avg_net": 1017.9422981872661,
  "avg_win": 5277.799584789145,
  "avg_loss": -2703.8277522122703,
  "avg_premium_entry": 79.61887640449439,
  "total_net_pnl": 181193.72907733338,
  "total_gross": 209243.7,
  "total_cost": 28049.970922666602,
  "trading_days": 43,
  "avg_trades_per_day": 4.1395348837209305,
  "sharpe_daily_annualized": 5.822685508551307,
  "max_drawdown_rs": -42607.99330014584,
  "exit_reason_counts": {
    "SL": 157,
    "TIME": 9,
    "OI_FLIP": 8,
    "TGT": 4
  },
  "per_symbol_net": {
    "PNB": -15568.675020639988,
    "ASIANPAINT": -14222.880776400005,
    "JSWSTEEL": -10091.46542080001,
    "BHARTIARTL": -8590.4417518725,
    "DIVISLAB": -8006.950843159994,
    "DLF": -7029.986085002496,
    "EICHERMOT": -5385.589671869998,
    "MARUTI": -4528.865252675002,
    "BAJFINANCE": -3492.111189624995,
    "ADANIENT": -2384.3269452215936,
    "ITC": -1654.534504929999,
    "BAJAJFINSV": -1359.5043022250045,
    "TITAN": -769.527558357504,
    "NESTLEIND": -387.98089095000023,
    "ICICIBANK": -202.71548572,
    "ONGC": 1435.7830057000056,
    "ULTRACEMCO": 1683.4069312899965,
    "POWERGRID": 2406.0100752499957,
    "TECHM": 2968.994822100005,
    "NTPC": 3008.978782000011,
    "DRREDDY": 3666.6222322500007,
    "TCS": 3694.5496338950015,
    "TATASTEEL": 4239.021653894995,
    "RELIANCE": 5379.6660089,
    "GRASIM": 7027.895125249992,
    "BAJAJ-AUTO": 8154.785433642495,
    "CIPLA": 8775.07738442,
    "WIPRO": 8838.843648759996,
    "LT": 8845.767950134996,
    "HCLTECH": 8989.848032230006,
    "HINDUNILVR": 9088.392932370001,
    "ADANIPORTS": 10639.892810022495,
    "HINDALCO": 12626.4558885,
    "INFY": 15420.149175080021,
    "INDUSINDBK": 15426.789687310007,
    "KOTAKBANK": 17644.24327,
    "SBIN": 20648.74865284999,
    "TRENT": 23723.447968790002,
    "AXISBANK": 27728.230467062487,
    "COALINDIA": 32807.68320507999
  },
  "avg_bars_held": 7.258426966292135,
  "params": {
    "price_pct": 0.0025,
    "oi_pct": 0.003,
    "vol_z": 2.0,
    "sl_pct": 0.004,
    "tgt_pct": 0.008,
    "entry_start": "09:45",
    "entry_end": "14:30",
    "square_off": "15:15",
    "notional": 100000.0,
    "vol_lookback": 20,
    "max_open_per_symbol": 1,
    "use_oi_flip_exit": true,
    "require_trend_align": true,
    "avoid_lunch": true,
    "cool_off_bars": 0,
    "invert": false,
    "multi_bar_confirm": 1,
    "min_price": 0.0,
    "use_atr_stops": false,
    "atr_sl_mult": 1.0,
    "atr_tgt_mult": 2.0,
    "atr_window": 14,
    "trade_segment": "OPT",
    "fut_lots": 3,
    "daily_loss_stop": 0.0,
    "daily_profit_stop": 0.0,
    "max_trades_per_day_per_symbol": 999,
    "min_dte": 14,
    "use_premium_stops": false,
    "premium_sl_pct": 0.3,
    "premium_tgt_pct": 0.6,
    "fetch_only": false,
    "min_bars_before_stops": 0,
    "skip_entry_bar_sl_only": false,
    "breakeven_trigger_pct": 0.004,
    "trail_stop_pct": 0.003
  },
  "tag": "opt_v4c_be04_trail03"
}