{
  "n_trades": 361,
  "n_long": 196,
  "n_short": 165,
  "win_rate": 0.4376731301939058,
  "avg_net": 284.55965230852007,
  "avg_win": 4315.973575167449,
  "avg_loss": -2853.191085680203,
  "expectancy_per_trade": 284.55965230852007,
  "total_net_pnl": 102726.03448337576,
  "total_gross": 164511.5687500025,
  "total_cost": 61785.53426662674,
  "cost_pct_of_gross": 0.04923651234092164,
  "trading_days": 53,
  "avg_trades_per_day": 6.811320754716981,
  "sharpe_daily_annualized": 1.9495543410823764,
  "max_drawdown_rs": -78813.43605559263,
  "exit_reason_counts": {
    "SL": 153,
    "TIME": 134,
    "OI_FLIP": 44,
    "TGT": 30
  },
  "per_symbol_net": {
    "DIVISLAB": -18404.43642848825,
    "BAJFINANCE": -17073.97718990172,
    "PNB": -14900.106409384563,
    "ADANIPORTS": -13571.491136546922,
    "ASIANPAINT": -13330.289635965495,
    "BAJAJFINSV": -12010.03259285884,
    "LT": -7243.279631102501,
    "EICHERMOT": -5186.288474779905,
    "JSWSTEEL": -5081.947870762021,
    "DRREDDY": -4635.535976911186,
    "ADANIENT": -4626.186431425351,
    "M&M": -4326.805202633161,
    "ITC": -4196.653099057681,
    "TRENT": -4069.5664136583214,
    "NTPC": -3762.0572980574357,
    "COALINDIA": -2706.3450182937545,
    "HCLTECH": -2558.238185234492,
    "CIPLA": -1590.3776805114771,
    "BHARTIARTL": -907.6669372659098,
    "ONGC": -726.5694279819822,
    "ULTRACEMCO": -439.9489441144019,
    "POWERGRID": 416.19157524186403,
    "DLF": 1409.730458587852,
    "HINDUNILVR": 1516.5253738287847,
    "TATASTEEL": 1746.9249329872637,
    "TECHM": 2482.260417319443,
    "TCS": 2895.3644379789225,
    "HDFCBANK": 6071.836448481809,
    "HINDALCO": 6485.235551810885,
    "RELIANCE": 6741.35289629651,
    "MARUTI": 8729.531469825519,
    "INDUSINDBK": 9253.933452896223,
    "WIPRO": 9484.839666991023,
    "INFY": 10755.030400274347,
    "SUNPHARMA": 12346.389403461442,
    "KOTAKBANK": 14004.423267918955,
    "BAJAJ-AUTO": 14715.509642249162,
    "SBIN": 17366.252146339248,
    "GRASIM": 19692.896010310156,
    "ICICIBANK": 20988.238598724558,
    "NESTLEIND": 21020.507185306895,
    "TITAN": 24331.281636219417,
    "AXISBANK": 31619.579495260856
  },
  "params": {
    "price_pct": 0.0025,
    "oi_pct": 0.003,
    "vol_z": 2.0,
    "sl_pct": 0.005,
    "tgt_pct": 0.015,
    "entry_start": "09:45",
    "entry_end": "14:30",
    "square_off": "15:15",
    "notional": 100000.0,
    "vol_lookback": 20,
    "max_open_per_symbol": 1,
    "use_oi_flip_exit": true,
    "require_trend_align": true,
    "avoid_lunch": true,
    "cool_off_bars": 0,
    "invert": false,
    "multi_bar_confirm": 1,
    "min_price": 0.0,
    "use_atr_stops": false,
    "atr_sl_mult": 1.0,
    "atr_tgt_mult": 2.0,
    "atr_window": 14,
    "trade_segment": "FUT",
    "fut_lots": 1
  },
  "tag": "v4_fut_oiflip"
}