{
  "n_trades": 172,
  "n_ce": 98,
  "n_pe": 74,
  "win_rate": 0.42441860465116277,
  "avg_net": 357.8290552054913,
  "avg_win": 2194.2071604511916,
  "avg_loss": -996.2679314908331,
  "avg_premium_entry": 79.74511627906976,
  "total_net_pnl": 61546.5974953445,
  "total_gross": 75969.85,
  "total_cost": 14423.252504655498,
  "trading_days": 43,
  "avg_trades_per_day": 4.0,
  "sharpe_daily_annualized": 5.23651001894714,
  "max_drawdown_rs": -24655.481495972504,
  "exit_reason_counts": {
    "SL": 88,
    "TGT": 49,
    "TIME": 23,
    "OI_FLIP": 12
  },
  "per_symbol_net": {
    "PNB": -5315.425006879996,
    "DIVISLAB": -5218.827263789997,
    "ASIANPAINT": -4835.360258800002,
    "JSWSTEEL": -3395.2884736000037,
    "BHARTIARTL": -2957.8805839575,
    "DLF": -2935.2209771249973,
    "MARUTI": -2414.1792768300015,
    "EICHERMOT": -1889.5965572899995,
    "NTPC": -1476.9234894499973,
    "BAJFINANCE": -1289.903729874999,
    "TECHM": -723.0510142200001,
    "BAJAJFINSV": -610.5014340750014,
    "ITC": -582.9781683099997,
    "TITAN": -413.84251945250116,
    "ICICIBANK": -99.03849524,
    "BAJAJ-AUTO": -78.57540141999999,
    "POWERGRID": 296.03047039999865,
    "INDUSINDBK": 485.114240710001,
    "RELIANCE": 593.472835349997,
    "NESTLEIND": 1155.3397236999992,
    "TCS": 1200.0498779650004,
    "TATASTEEL": 1718.6926486349953,
    "ULTRACEMCO": 1851.7937418599997,
    "DRREDDY": 1903.2484585624998,
    "HINDUNILVR": 2146.8880311900007,
    "GRASIM": 2290.063803924998,
    "CIPLA": 2761.698110664999,
    "LT": 2822.7226500449997,
    "HCLTECH": 2933.682677410002,
    "HINDALCO": 4020.0186294999994,
    "ONGC": 4254.667836775001,
    "WIPRO": 4321.85095396,
    "TRENT": 5569.043505630004,
    "INFY": 6098.556408240008,
    "SBIN": 6757.049550949998,
    "KOTAKBANK": 6817.441556,
    "ADANIENT": 6977.355994244496,
    "COALINDIA": 8966.118092059993,
    "AXISBANK": 9897.065534312498,
    "ADANIPORTS": 9945.22481357
  },
  "avg_bars_held": 12.093023255813954,
  "params": {
    "price_pct": 0.0025,
    "oi_pct": 0.003,
    "vol_z": 2.0,
    "sl_pct": 0.004,
    "tgt_pct": 0.008,
    "entry_start": "09:45",
    "entry_end": "14:30",
    "square_off": "15:15",
    "notional": 100000.0,
    "vol_lookback": 20,
    "max_open_per_symbol": 1,
    "use_oi_flip_exit": true,
    "require_trend_align": true,
    "avoid_lunch": true,
    "cool_off_bars": 0,
    "invert": false,
    "multi_bar_confirm": 1,
    "min_price": 0.0,
    "use_atr_stops": false,
    "atr_sl_mult": 1.0,
    "atr_tgt_mult": 2.0,
    "atr_window": 14,
    "trade_segment": "OPT",
    "fut_lots": 1,
    "daily_loss_stop": 0.0,
    "daily_profit_stop": 0.0,
    "max_trades_per_day_per_symbol": 999,
    "min_dte": 14,
    "use_premium_stops": false,
    "premium_sl_pct": 0.3,
    "premium_tgt_pct": 0.6,
    "fetch_only": false
  },
  "tag": "opt_v2_spot"
}