{
  "n_trades": 208,
  "n_long": 121,
  "n_short": 87,
  "win_rate": 0.4567307692307692,
  "avg_net": 405.35924342896675,
  "avg_win": 3683.2282022032446,
  "avg_loss": -2350.37129713348,
  "expectancy_per_trade": 405.35924342896675,
  "total_net_pnl": 84314.72263322509,
  "total_gross": 119874.45179999902,
  "total_cost": 35559.72916677392,
  "cost_pct_of_gross": 0.05801976004390252,
  "trading_days": 48,
  "avg_trades_per_day": 4.333333333333333,
  "sharpe_daily_annualized": 2.824999094804507,
  "max_drawdown_rs": -45440.19166426614,
  "exit_reason_counts": {
    "SL": 88,
    "TGT": 55,
    "TIME": 53,
    "OI_FLIP": 12
  },
  "per_symbol_net": {
    "ADANIENT": -14676.853310853678,
    "TITAN": -9493.760237875153,
    "DIVISLAB": -9372.176927150851,
    "HINDUNILVR": -8454.555637683634,
    "TRENT": -7184.386017270124,
    "ASIANPAINT": -7132.787222774643,
    "BAJAJFINSV": -5729.793235812496,
    "TECHM": -4824.368415933234,
    "BHARTIARTL": -4209.85901241674,
    "NTPC": -4176.123208779033,
    "POWERGRID": -4038.0594383228226,
    "PNB": -3512.199180282172,
    "EICHERMOT": -2652.269167541624,
    "CIPLA": -2385.3629309843723,
    "ONGC": -1292.5866382260274,
    "DRREDDY": -901.8035495011409,
    "ITC": -514.7091416001455,
    "M&M": 203.99774342572437,
    "ADANIPORTS": 214.8767370077494,
    "HDFCBANK": 475.7970790217854,
    "COALINDIA": 635.5035449268208,
    "ULTRACEMCO": 1598.4284495,
    "BAJFINANCE": 1916.2042055049928,
    "INFY": 1960.0778794077892,
    "RELIANCE": 2255.5719490540373,
    "HINDALCO": 2330.9038113601887,
    "MARUTI": 2382.3434225,
    "TATASTEEL": 3529.6917518657488,
    "WIPRO": 4234.636538571212,
    "DLF": 4479.335082714832,
    "LT": 4483.032743393996,
    "JSWSTEEL": 5014.122279896543,
    "HCLTECH": 6256.987241158614,
    "TCS": 6275.885793436214,
    "ICICIBANK": 9032.409709792531,
    "SUNPHARMA": 9255.988555065165,
    "INDUSINDBK": 11097.080907481524,
    "SBIN": 11906.850474667624,
    "KOTAKBANK": 12758.545905608786,
    "BAJAJ-AUTO": 13183.035388095439,
    "AXISBANK": 18256.848913617152,
    "GRASIM": 18974.588558004194,
    "NESTLEIND": 22153.63124115431
  },
  "params": {
    "price_pct": 0.0025,
    "oi_pct": 0.005,
    "vol_z": 2.5,
    "sl_pct": 0.004,
    "tgt_pct": 0.008,
    "entry_start": "09:45",
    "entry_end": "14:30",
    "square_off": "15:15",
    "notional": 100000.0,
    "vol_lookback": 20,
    "max_open_per_symbol": 1,
    "use_oi_flip_exit": true,
    "require_trend_align": true,
    "avoid_lunch": true,
    "cool_off_bars": 0,
    "invert": false,
    "multi_bar_confirm": 1,
    "min_price": 0.0,
    "use_atr_stops": false,
    "atr_sl_mult": 1.0,
    "atr_tgt_mult": 2.0,
    "atr_window": 14,
    "trade_segment": "FUT",
    "fut_lots": 1,
    "daily_loss_stop": 10000,
    "daily_profit_stop": 0.0,
    "max_trades_per_day_per_symbol": 999
  },
  "tag": "v7_dls10k"
}