{
  "n_trades": 430,
  "n_long": 199,
  "n_short": 231,
  "win_rate": 0.3767441860465116,
  "avg_net": -93.22888516931182,
  "avg_win": 588.7562685008266,
  "avg_loss": -505.47364223857466,
  "expectancy_per_trade": -93.22888516931182,
  "total_net_pnl": -40088.420622804086,
  "total_gross": -4799.6242999988,
  "total_cost": 35288.79632280529,
  "cost_pct_of_gross": 0.1579871725951542,
  "trading_days": 54,
  "avg_trades_per_day": 7.962962962962963,
  "sharpe_daily_annualized": -5.283728628370862,
  "max_drawdown_rs": -37464.68322153705,
  "exit_reason_counts": {
    "SL": 220,
    "TIME": 129,
    "TGT": 81
  },
  "per_symbol_net": {
    "POWERGRID": -4079.6014336322987,
    "COALINDIA": -3776.7504125570213,
    "ADANIENT": -3412.453420230297,
    "AXISBANK": -2983.6387776795104,
    "NESTLEIND": -2499.9257477959363,
    "HDFCBANK": -2324.678685769198,
    "RELIANCE": -2195.6584347434755,
    "KOTAKBANK": -2179.357458483604,
    "DRREDDY": -2166.006696271649,
    "ULTRACEMCO": -2106.58200890484,
    "GRASIM": -1966.8997026663064,
    "TITAN": -1735.8872512814576,
    "JSWSTEEL": -1682.1422520242295,
    "ADANIPORTS": -1664.6511902264413,
    "SUNPHARMA": -1636.8358885761804,
    "DLF": -1478.3747475986008,
    "INDUSINDBK": -1374.7029571185676,
    "INFY": -1333.3512578755526,
    "BHARTIARTL": -992.5927972089089,
    "TCS": -876.2347471103385,
    "ICICIBANK": -825.9079250606691,
    "LT": -777.609731597937,
    "TRENT": -722.644765410057,
    "CIPLA": -655.8546051195215,
    "PNB": -601.7896795078191,
    "ITC": -547.9573301440654,
    "HINDUNILVR": -414.1746085530194,
    "MARUTI": -408.8378818692387,
    "HINDALCO": -389.8035399878313,
    "DIVISLAB": -299.5206483539932,
    "BAJAJ-AUTO": -239.9704697801534,
    "ONGC": -205.00765494167445,
    "TATASTEEL": -87.75400883664355,
    "M&M": 69.65760505803144,
    "WIPRO": 342.8101160412723,
    "TECHM": 462.1754698807549,
    "BAJAJFINSV": 747.4039945698385,
    "EICHERMOT": 797.4511654405625,
    "HCLTECH": 822.367755735022,
    "NTPC": 883.6479947346342,
    "ASIANPAINT": 1266.0122884910625,
    "SBIN": 1286.6395732169717,
    "BAJFINANCE": 1876.5721309447983
  },
  "params": {
    "price_pct": 0.0025,
    "oi_pct": 0.003,
    "vol_z": 2.0,
    "sl_pct": 0.005,
    "tgt_pct": 0.01,
    "entry_start": "09:45",
    "entry_end": "14:30",
    "square_off": "15:15",
    "notional": 100000.0,
    "vol_lookback": 20,
    "max_open_per_symbol": 1,
    "use_oi_flip_exit": false,
    "require_trend_align": false,
    "avoid_lunch": true,
    "cool_off_bars": 0,
    "invert": true,
    "multi_bar_confirm": 1,
    "min_price": 0.0,
    "use_atr_stops": false,
    "atr_sl_mult": 1.0,
    "atr_tgt_mult": 2.0,
    "atr_window": 14
  },
  "tag": "v3a_fade"
}